lambda,p,cal_all_rmse,cal_high_rmse,objective
0.0,0.05,2.378185,4.53268,3.455432
0.05,0.05,2.375364,4.510745,3.443054
0.1,0.05,2.372601,4.489187,3.430894
0.15,0.05,2.369897,4.468011,3.418954
0.2,0.05,2.367252,4.447222,3.407237
0.25,0.05,2.364666,4.426826,3.395746
0.3,0.05,2.362139,4.406829,3.384484
0.35,0.05,2.359672,4.387235,3.373454
0.4,0.05,2.357265,4.368051,3.362658
0.45,0.05,2.354917,4.349281,3.352099
0.5,0.05,2.35263,4.330931,3.34178
0.55,0.05,2.350403,4.313007,3.331705
0.6,0.05,2.348236,4.295513,3.321874
0.65,0.05,2.346129,4.278455,3.312292
0.7,0.05,2.344084,4.261839,3.302961
0.75,0.05,2.342099,4.245669,3.293884
0.8,0.05,2.340176,4.22995,3.285063
0.85,0.05,2.338313,4.214688,3.276501
0.9,0.05,2.336512,4.199888,3.2682
0.95,0.05,2.334773,4.185554,3.260163
1.0,0.05,2.333095,4.171691,3.252393
1.05,0.05,2.331478,4.158305,3.244892
1.1,0.05,2.329924,4.145399,3.237661
1.15,0.05,2.328432,4.132978,3.230705
1.2,0.05,2.327002,4.121046,3.224024
1.25,0.05,2.325634,4.109608,3.217621
1.3,0.05,2.324328,4.098669,3.211498
1.35,0.05,2.323085,4.088231,3.205658
1.4,0.05,2.321904,4.078298,3.200101
1.45,0.05,2.320786,4.068876,3.194831
1.5,0.05,2.319731,4.059966,3.189849
1.55,0.05,2.318739,4.051572,3.185156
1.6,0.05,2.31781,4.043699,3.180754
1.65,0.05,2.316943,4.036347,3.176645
1.7,0.05,2.31614,4.029521,3.172831
1.75,0.05,2.315399,4.023224,3.169312
1.8,0.05,2.314722,4.017457,3.16609
1.85,0.05,2.314109,4.012223,3.163166
1.9,0.05,2.3135,4.007025,3.160262
1.95,0.05,2.312946,4.002297,3.157621
2.0,0.05,2.312448,3.998034,3.155241
2.05,0.05,2.312002,3.994217,3.153109
2.1,0.05,2.311608,3.990845,3.151227
2.15,0.05,2.311267,3.987921,3.149594
2.2,0.05,2.310978,3.985445,3.148212
2.25,0.05,2.310742,3.983419,3.14708
2.3,0.05,2.310558,3.981842,3.1462
2.35,0.05,2.310427,3.980715,3.145571
2.4,0.05,2.310348,3.980039,3.145194
2.45,0.05,2.310322,3.979814,3.145068
2.5,0.05,2.31029,3.979538,3.144914
2.55,0.05,2.310307,3.979688,3.144998
2.6,0.05,2.31036,3.980145,3.145253
2.65,0.05,2.310424,3.980691,3.145558
2.7,0.05,2.310532,3.981618,3.146075
2.75,0.05,2.310682,3.982908,3.146795
2.8,0.05,2.310871,3.984531,3.147701
2.85,0.05,2.3111,3.986492,3.148796
2.9,0.05,2.31135,3.988632,3.149991
2.95,0.05,2.311637,3.991092,3.151364
3.0,0.05,2.311962,3.993874,3.152918
3.05,0.05,2.312324,3.996977,3.15465
3.1,0.05,2.312689,4.000098,3.156393
3.15,0.05,2.313082,4.003454,3.158268
3.2,0.05,2.31351,4.007117,3.160314
3.25,0.05,2.313975,4.011085,3.16253
3.3,0.05,2.314476,4.015358,3.164917
3.35,0.05,2.315004,4.019858,3.167431
3.4,0.05,2.315524,4.024286,3.169905
3.45,0.05,2.316077,4.028988,3.172532
3.5,0.05,2.316662,4.033962,3.175312
3.55,0.05,2.31728,4.039208,3.178244
3.6,0.05,2.317929,4.04471,3.181319
3.65,0.05,2.318587,4.050285,3.184436
3.7,0.05,2.319229,4.055715,3.187472
3.75,0.05,2.319884,4.061258,3.190571
3.8,0.05,2.320559,4.066956,3.193758
3.85,0.05,2.32125,4.072785,3.197017
3.9,0.05,2.321968,4.078834,3.200401
3.95,0.05,2.322703,4.085019,3.203861
4.0,0.05,2.323439,4.091209,3.207324
0.0,0.1,2.378185,4.53268,3.455432
0.05,0.1,2.375463,4.511521,3.443492
0.1,0.1,2.372797,4.490716,3.431756
0.15,0.1,2.370185,4.47027,3.420228
0.2,0.1,2.367629,4.450188,3.408908
0.25,0.1,2.365128,4.430474,3.397801
0.3,0.1,2.362683,4.411133,3.386908
0.35,0.1,2.360293,4.392172,3.376232
0.4,0.1,2.35796,4.373593,3.365776
0.45,0.1,2.355682,4.355403,3.355543
0.5,0.1,2.353461,4.337606,3.345534
0.55,0.1,2.351297,4.320207,3.335752
0.6,0.1,2.349188,4.303211,3.3262
0.65,0.1,2.347137,4.286623,3.31688
0.7,0.1,2.345143,4.270447,3.307795
0.75,0.1,2.343206,4.254689,3.298947
0.8,0.1,2.341326,4.239352,3.290339
0.85,0.1,2.339503,4.224441,3.281972
0.9,0.1,2.337738,4.209962,3.27385
0.95,0.1,2.33603,4.195917,3.265974
1.0,0.1,2.33438,4.182313,3.258346
1.05,0.1,2.332788,4.169153,3.25097
1.1,0.1,2.331254,4.15644,3.243847
1.15,0.1,2.329778,4.144181,3.236979
1.2,0.1,2.32836,4.132377,3.230369
1.25,0.1,2.327,4.121035,3.224017
1.3,0.1,2.325699,4.110156,3.217927
1.35,0.1,2.324456,4.099745,3.212101
1.4,0.1,2.323272,4.089805,3.206539
1.45,0.1,2.322147,4.080341,3.201244
1.5,0.1,2.32108,4.071354,3.196217
1.55,0.1,2.320073,4.062849,3.191461
1.6,0.1,2.319124,4.054829,3.186976
1.65,0.1,2.318234,4.047295,3.182765
1.7,0.1,2.317403,4.040252,3.178828
1.75,0.1,2.316632,4.033701,3.175166
1.8,0.1,2.315919,4.027645,3.171782
1.85,0.1,2.315266,4.022087,3.168676
1.9,0.1,2.314654,4.016875,3.165764
1.95,0.1,2.314058,4.011795,3.162926
2.0,0.1,2.313516,4.007165,3.160341
2.05,0.1,2.313023,4.002957,3.15799
2.1,0.1,2.31258,3.999163,3.155872
2.15,0.1,2.312185,3.995784,3.153985
2.2,0.1,2.311839,3.992821,3.15233
2.25,0.1,2.311542,3.990275,3.150908
2.3,0.1,2.311293,3.988147,3.14972
2.35,0.1,2.311094,3.986437,3.148766
2.4,0.1,2.310943,3.985147,3.148045
2.45,0.1,2.310842,3.984275,3.147558
2.5,0.1,2.310757,3.98355,3.147154
2.55,0.1,2.310694,3.983007,3.14685
2.6,0.1,2.310677,3.98286,3.146768
2.65,0.1,2.310706,3.983109,3.146908
2.7,0.1,2.310781,3.983756,3.147268
2.75,0.1,2.310858,3.984416,3.147637
2.8,0.1,2.310972,3.985392,3.148182
2.85,0.1,2.311127,3.986721,3.148924
2.9,0.1,2.311317,3.988354,3.149836
2.95,0.1,2.31153,3.990174,3.150852
3.0,0.1,2.311777,3.992294,3.152036
3.05,0.1,2.31206,3.994714,3.153387
3.1,0.1,2.312363,3.997309,3.154836
3.15,0.1,2.312672,3.999952,3.156312
3.2,0.1,2.313014,4.00288,3.157947
3.25,0.1,2.313391,4.006095,3.159743
3.3,0.1,2.3138,4.009594,3.161697
3.35,0.1,2.314244,4.013378,3.163811
3.4,0.1,2.314721,4.017445,3.166083
3.45,0.1,2.315232,4.021794,3.168513
3.5,0.1,2.315776,4.026425,3.171101
3.55,0.1,2.316322,4.031067,3.173694
3.6,0.1,2.316881,4.03582,3.176351
3.65,0.1,2.317468,4.040798,3.179133
3.7,0.1,2.318066,4.045871,3.181969
3.75,0.1,2.318643,4.050763,3.184703
3.8,0.1,2.319231,4.055738,3.187485
3.85,0.1,2.319832,4.060819,3.190326
3.9,0.1,2.320453,4.06606,3.193257
3.95,0.1,2.321099,4.071508,3.196303
4.0,0.1,2.321769,4.07716,3.199465
0.0,0.15,2.378185,4.53268,3.455432
0.05,0.15,2.375558,4.512262,3.44391
0.1,0.15,2.372984,4.492177,3.432581
0.15,0.15,2.370461,4.47243,3.421445
0.2,0.15,2.367989,4.453025,3.410507
0.25,0.15,2.36557,4.433966,3.399768
0.3,0.15,2.363203,4.415258,3.389231
0.35,0.15,2.360889,4.396906,3.378897
0.4,0.15,2.358627,4.378913,3.36877
0.45,0.15,2.356418,4.361285,3.358852
0.5,0.15,2.354261,4.344026,3.349144
0.55,0.15,2.352158,4.32714,3.339649
0.6,0.15,2.350108,4.310631,3.330369
0.65,0.15,2.348111,4.294504,3.321308
0.7,0.15,2.346167,4.278764,3.312466
0.75,0.15,2.344278,4.263414,3.303846
0.8,0.15,2.342441,4.248458,3.29545
0.85,0.15,2.340659,4.233902,3.28728
0.9,0.15,2.33893,4.219749,3.279339
0.95,0.15,2.337256,4.206003,3.271629
1.0,0.15,2.335635,4.192668,3.264152
1.05,0.15,2.334069,4.179748,3.256909
1.1,0.15,2.332558,4.167247,3.249902
1.15,0.15,2.3311,4.155169,3.243135
1.2,0.15,2.329698,4.143517,3.236607
1.25,0.15,2.32835,4.132295,3.230322
1.3,0.15,2.327057,4.121507,3.224282
1.35,0.15,2.325819,4.111155,3.218487
1.4,0.15,2.324635,4.101244,3.21294
1.45,0.15,2.323507,4.091777,3.207642
1.5,0.15,2.322434,4.082756,3.202595
1.55,0.15,2.321416,4.074184,3.1978
1.6,0.15,2.320453,4.066065,3.193259
1.65,0.15,2.319546,4.058401,3.188973
1.7,0.15,2.318694,4.051194,3.184944
1.75,0.15,2.317898,4.044448,3.181173
1.8,0.15,2.317157,4.038164,3.17766
1.85,0.15,2.316472,4.032344,3.174408
1.9,0.15,2.315842,4.026991,3.171417
1.95,0.15,2.315231,4.021792,3.168511
2.0,0.15,2.314651,4.01685,3.165751
2.05,0.15,2.31412,4.012322,3.163221
2.1,0.15,2.313635,4.008181,3.160908
2.15,0.15,2.313195,4.004425,3.15881
2.2,0.15,2.312801,4.001055,3.156928
2.25,0.15,2.312452,3.998073,3.155263
2.3,0.15,2.312149,3.99548,3.153815
2.35,0.15,2.311892,3.993276,3.152584
2.4,0.15,2.31168,3.991461,3.151571
2.45,0.15,2.311514,3.990037,3.150776
2.5,0.15,2.311387,3.988952,3.15017
2.55,0.15,2.311254,3.987814,3.149534
2.6,0.15,2.311165,3.987045,3.149105
2.65,0.15,2.311118,3.986644,3.148881
2.7,0.15,2.311114,3.986611,3.148863
2.75,0.15,2.311153,3.986948,3.14905
2.8,0.15,2.311236,3.987653,3.149444
2.85,0.15,2.311341,3.988559,3.14995
2.9,0.15,2.31146,3.98958,3.15052
2.95,0.15,2.311609,3.990858,3.151234
3.0,0.15,2.311786,3.992374,3.15208
3.05,0.15,2.312,3.994199,3.1531
3.1,0.15,2.312245,3.996303,3.154274
3.15,0.15,2.312486,3.998366,3.155426
3.2,0.15,2.312753,4.00065,3.156701
3.25,0.15,2.313052,4.0032,3.158126
3.3,0.15,2.313382,4.006018,3.1597
3.35,0.15,2.313743,4.009101,3.161422
3.4,0.15,2.314135,4.012451,3.163293
3.45,0.15,2.314559,4.016065,3.165312
3.5,0.15,2.315014,4.019944,3.167479
3.55,0.15,2.315501,4.024086,3.169793
3.6,0.15,2.316018,4.02849,3.172254
3.65,0.15,2.316566,4.033145,3.174856
3.7,0.15,2.31714,4.038018,3.177579
3.75,0.15,2.317692,4.0427,3.180196
3.8,0.15,2.318212,4.047111,3.182661
3.85,0.15,2.31874,4.051578,3.185159
3.9,0.15,2.319274,4.056101,3.187688
3.95,0.15,2.319832,4.060817,3.190324
4.0,0.15,2.320413,4.065724,3.193068
0.0,0.2,2.378185,4.53268,3.455432
0.05,0.2,2.375649,4.51297,3.44431
0.1,0.2,2.373162,4.493574,3.433368
0.15,0.2,2.370724,4.474496,3.42261
0.2,0.2,2.368335,4.45574,3.412038
0.25,0.2,2.365994,4.437311,3.401653
0.3,0.2,2.363703,4.419212,3.391457
0.35,0.2,2.361461,4.401447,3.381454
0.4,0.2,2.359268,4.38402,3.371644
0.45,0.2,2.357125,4.366936,3.362031
0.5,0.2,2.355032,4.350198,3.352615
0.55,0.2,2.352988,4.333811,3.3434
0.6,0.2,2.350995,4.317779,3.334387
0.65,0.2,2.349051,4.302105,3.325578
0.7,0.2,2.347158,4.286793,3.316976
0.75,0.2,2.345315,4.271847,3.308581
0.8,0.2,2.343523,4.257272,3.300397
0.85,0.2,2.341781,4.243071,3.292426
0.9,0.2,2.34009,4.229247,3.284668
0.95,0.2,2.338449,4.215805,3.277127
1.0,0.2,2.33686,4.202748,3.269804
1.05,0.2,2.335321,4.19008,3.2627
1.1,0.2,2.333834,4.177803,3.255819
1.15,0.2,2.332398,4.165923,3.24916
1.2,0.2,2.331013,4.154442,3.242727
1.25,0.2,2.329679,4.143363,3.236521
1.3,0.2,2.328397,4.13269,3.230543
1.35,0.2,2.327167,4.122425,3.224796
1.4,0.2,2.325988,4.112573,3.21928
1.45,0.2,2.324861,4.103135,3.213998
1.5,0.2,2.323785,4.094115,3.20895
1.55,0.2,2.322762,4.085515,3.204139
1.6,0.2,2.32179,4.077339,3.199565
1.65,0.2,2.320871,4.069588,3.19523
1.7,0.2,2.320003,4.062266,3.191135
1.75,0.2,2.319188,4.055373,3.187281
1.8,0.2,2.318425,4.048914,3.183669
1.85,0.2,2.317714,4.042889,3.180302
1.9,0.2,2.317055,4.037301,3.177178
1.95,0.2,2.316449,4.032151,3.1743
2.0,0.2,2.31584,4.026971,3.171405
2.05,0.2,2.315276,4.022172,3.168724
2.1,0.2,2.314757,4.017749,3.166253
2.15,0.2,2.31428,4.013684,3.163982
2.2,0.2,2.313846,4.009979,3.161912
2.25,0.2,2.313454,4.006634,3.160044
2.3,0.2,2.313105,4.003652,3.158378
2.35,0.2,2.312798,4.001031,3.156915
2.4,0.2,2.312534,3.998774,3.155654
2.45,0.2,2.312313,3.996881,3.154597
2.5,0.2,2.312134,3.995352,3.153743
2.55,0.2,2.311961,3.993869,3.152915
2.6,0.2,2.311809,3.992567,3.152188
2.65,0.2,2.311697,3.991607,3.151652
2.7,0.2,2.311625,3.99099,3.151308
2.75,0.2,2.311593,3.990717,3.151155
2.8,0.2,2.311601,3.990787,3.151194
2.85,0.2,2.311649,3.9912,3.151425
2.9,0.2,2.311738,3.991956,3.151847
2.95,0.2,2.311866,3.993055,3.15246
3.0,0.2,2.311985,3.994073,3.153029
3.05,0.2,2.312126,3.99528,3.153703
3.1,0.2,2.312301,3.99678,3.15454
3.15,0.2,2.312494,3.998428,3.155461
3.2,0.2,2.312694,4.00014,3.156417
3.25,0.2,2.312924,4.002111,3.157518
3.3,0.2,2.313184,4.004329,3.158756
3.35,0.2,2.313473,4.006796,3.160134
3.4,0.2,2.313791,4.009512,3.161652
3.45,0.2,2.314138,4.012477,3.163308
3.5,0.2,2.314515,4.01569,3.165103
3.55,0.2,2.314921,4.01915,3.167036
3.6,0.2,2.315356,4.022857,3.169107
3.65,0.2,2.315821,4.02681,3.171315
3.7,0.2,2.316312,4.030983,3.173647
3.75,0.2,2.31683,4.035389,3.17611
3.8,0.2,2.317366,4.039937,3.178651
3.85,0.2,2.317878,4.044278,3.181078
3.9,0.2,2.318383,4.048558,3.18347
3.95,0.2,2.318868,4.052665,3.185767
4.0,0.2,2.31937,4.056909,3.18814
0.0,0.25,2.378185,4.53268,3.455432
0.05,0.25,2.375736,4.513646,3.444691
0.1,0.25,2.373333,4.494909,3.434121
0.15,0.25,2.370976,4.476473,3.423724
0.2,0.25,2.368665,4.45834,3.413503
0.25,0.25,2.366401,4.440515,3.403458
0.3,0.25,2.364182,4.423001,3.393591
0.35,0.25,2.36201,4.405802,3.383906
0.4,0.25,2.359884,4.388922,3.374403
0.45,0.25,2.357805,4.372364,3.365085
0.5,0.25,2.355773,4.356133,3.355953
0.55,0.25,2.353788,4.340231,3.34701
0.6,0.25,2.35185,4.324663,3.338257
0.65,0.25,2.349959,4.309432,3.329696
0.7,0.25,2.348116,4.294541,3.321329
0.75,0.25,2.346319,4.279995,3.313157
0.8,0.25,2.344571,4.265796,3.305184
0.85,0.25,2.342869,4.251949,3.297409
0.9,0.25,2.341216,4.238456,3.289836
0.95,0.25,2.33961,4.225322,3.282466
1.0,0.25,2.338053,4.212548,3.2753
1.05,0.25,2.336543,4.20014,3.268341
1.1,0.25,2.335081,4.188099,3.26159
1.15,0.25,2.333668,4.176429,3.255048
1.2,0.25,2.332302,4.165134,3.248718
1.25,0.25,2.330986,4.154216,3.242601
1.3,0.25,2.329717,4.143678,3.236697
1.35,0.25,2.328497,4.133523,3.23101
1.4,0.25,2.327326,4.123754,3.22554
1.45,0.25,2.326203,4.114374,3.220289
1.5,0.25,2.325129,4.105386,3.215258
1.55,0.25,2.324104,4.096791,3.210448
1.6,0.25,2.323128,4.088593,3.205861
1.65,0.25,2.322201,4.080794,3.201497
1.7,0.25,2.321323,4.073396,3.197359
1.75,0.25,2.320493,4.066401,3.193447
1.8,0.25,2.319713,4.059812,3.189763
1.85,0.25,2.318982,4.05363,3.186306
1.9,0.25,2.3183,4.047857,3.183079
1.95,0.25,2.317668,4.042496,3.180082
2.0,0.25,2.317069,4.037419,3.177244
2.05,0.25,2.316478,4.032394,3.174436
2.1,0.25,2.31593,4.027739,3.171834
2.15,0.25,2.315423,4.023425,3.169424
2.2,0.25,2.314956,4.019446,3.167201
2.25,0.25,2.314528,4.015804,3.165166
2.3,0.25,2.314141,4.012498,3.16332
2.35,0.25,2.313793,4.009531,3.161662
2.4,0.25,2.313485,4.006903,3.160194
2.45,0.25,2.313217,4.004613,3.158915
2.5,0.25,2.312989,4.002664,3.157827
2.55,0.25,2.31279,4.000959,3.156874
2.6,0.25,2.312584,3.999204,3.155894
2.65,0.25,2.312416,3.997767,3.155092
2.7,0.25,2.312286,3.99665,3.154468
2.75,0.25,2.312193,3.995853,3.154023
2.8,0.25,2.312137,3.995375,3.153756
2.85,0.25,2.312119,3.995217,3.153668
2.9,0.25,2.312137,3.995379,3.153758
2.95,0.25,2.312194,3.995862,3.154028
3.0,0.25,2.312288,3.996664,3.154476
3.05,0.25,2.312402,3.997647,3.155025
3.1,0.25,2.312547,3.998883,3.155715
3.15,0.25,2.312689,4.000097,3.156393
3.2,0.25,2.312824,4.00125,3.157037
3.25,0.25,2.312986,4.002635,3.15781
3.3,0.25,2.313178,4.00428,3.158729
3.35,0.25,2.313401,4.006185,3.159793
3.4,0.25,2.313654,4.008347,3.161001
3.45,0.25,2.313935,4.01074,3.162337
3.5,0.25,2.314242,4.013365,3.163804
3.55,0.25,2.314578,4.016222,3.1654
3.6,0.25,2.31494,4.019312,3.167126
3.65,0.25,2.31533,4.022632,3.168981
3.7,0.25,2.315746,4.026175,3.170961
3.75,0.25,2.316187,4.029924,3.173056
3.8,0.25,2.316654,4.033895,3.175275
3.85,0.25,2.317134,4.037972,3.177553
3.9,0.25,2.317601,4.041926,3.179763
3.95,0.25,2.318049,4.045733,3.181891
4.0,0.25,2.318517,4.049691,3.184104
0.0,0.3,2.378185,4.53268,3.455432
0.05,0.3,2.375819,4.514293,3.445056
0.1,0.3,2.373497,4.496186,3.434842
0.15,0.3,2.371218,4.478364,3.424791
0.2,0.3,2.368982,4.460828,3.414905
0.25,0.3,2.36679,4.443584,3.405187
0.3,0.3,2.364642,4.426633,3.395637
0.35,0.3,2.362537,4.40998,3.386258
0.4,0.3,2.360476,4.393627,3.377052
0.45,0.3,2.35846,4.377579,3.368019
0.5,0.3,2.356487,4.361838,3.359162
0.55,0.3,2.354559,4.346408,3.350483
0.6,0.3,2.352675,4.331292,3.341983
0.65,0.3,2.350835,4.316493,3.333664
0.7,0.3,2.34904,4.302016,3.325528
0.75,0.3,2.34729,4.287862,3.317576
0.8,0.3,2.345585,4.274036,3.30981
0.85,0.3,2.343924,4.26054,3.302232
0.9,0.3,2.342309,4.247378,3.294843
0.95,0.3,2.340738,4.234552,3.287645
1.0,0.3,2.339213,4.222066,3.280639
1.05,0.3,2.337733,4.209923,3.273828
1.1,0.3,2.336298,4.198125,3.267212
1.15,0.3,2.334909,4.186676,3.260793
1.2,0.3,2.333565,4.175579,3.254572
1.25,0.3,2.332266,4.164836,3.248551
1.3,0.3,2.331014,4.15445,3.242732
1.35,0.3,2.329807,4.144424,3.237116
1.4,0.3,2.328646,4.134761,3.231703
1.45,0.3,2.327531,4.125462,3.226496
1.5,0.3,2.326461,4.11653,3.221496
1.55,0.3,2.325438,4.107969,3.216703
1.6,0.3,2.324461,4.09978,3.21212
1.65,0.3,2.323529,4.091964,3.207747
1.7,0.3,2.322644,4.084526,3.203585
1.75,0.3,2.321806,4.077466,3.199636
1.8,0.3,2.321013,4.070786,3.1959
1.85,0.3,2.320267,4.064489,3.192378
1.9,0.3,2.319567,4.058577,3.189072
1.95,0.3,2.318913,4.05305,3.185982
2.0,0.3,2.318306,4.04791,3.183108
2.05,0.3,2.317715,4.042895,3.180305
2.1,0.3,2.317143,4.038043,3.177593
2.15,0.3,2.316611,4.03353,3.175071
2.2,0.3,2.316117,4.029332,3.172725
2.25,0.3,2.315661,4.025448,3.170554
2.3,0.3,2.315241,4.021878,3.16856
2.35,0.3,2.314859,4.018625,3.166742
2.4,0.3,2.314515,4.015687,3.165101
2.45,0.3,2.314207,4.013067,3.163637
2.5,0.3,2.313938,4.010764,3.162351
2.55,0.3,2.313705,4.00878,3.161242
2.6,0.3,2.313469,4.00676,3.160114
2.65,0.3,2.313253,4.004919,3.159086
2.7,0.3,2.313072,4.003376,3.158224
2.75,0.3,2.312927,4.002131,3.157529
2.8,0.3,2.312816,4.001184,3.157
2.85,0.3,2.31274,4.000535,3.156638
2.9,0.3,2.312699,4.000186,3.156442
2.95,0.3,2.312693,4.000134,3.156414
3.0,0.3,2.312722,4.000382,3.156552
3.05,0.3,2.312784,4.000911,3.156847
3.1,0.3,2.312865,4.001605,3.157235
3.15,0.3,2.31298,4.002585,3.157782
3.2,0.3,2.31311,4.003693,3.158401
3.25,0.3,2.313237,4.004783,3.15901
3.3,0.3,2.313366,4.005884,3.159625
3.35,0.3,2.313523,4.007227,3.160375
3.4,0.3,2.313709,4.008813,3.161261
3.45,0.3,2.313923,4.010641,3.162282
3.5,0.3,2.314166,4.012712,3.163439
3.55,0.3,2.314437,4.015024,3.164731
3.6,0.3,2.314736,4.017573,3.166154
3.65,0.3,2.31506,4.020334,3.167697
3.7,0.3,2.31541,4.023312,3.169361
3.75,0.3,2.315783,4.026486,3.171134
3.8,0.3,2.31618,4.029862,3.173021
3.85,0.3,2.316601,4.033445,3.175023
3.9,0.3,2.317032,4.037102,3.177067
3.95,0.3,2.317457,4.040708,3.179083
4.0,0.3,2.317852,4.044061,3.180957
0.0,0.35,2.378185,4.53268,3.455432
0.05,0.35,2.375899,4.514911,3.445405
0.1,0.35,2.373653,4.497408,3.435531
0.15,0.35,2.371449,4.480174,3.425811
0.2,0.35,2.369286,4.463212,3.416249
0.25,0.35,2.367163,4.446524,3.406844
0.3,0.35,2.365082,4.430115,3.397599
0.35,0.35,2.363043,4.413987,3.388515
0.4,0.35,2.361045,4.398143,3.379594
0.45,0.35,2.359088,4.382587,3.370838
0.5,0.35,2.357174,4.367321,3.362247
0.55,0.35,2.355301,4.352349,3.353825
0.6,0.35,2.353469,4.337673,3.345571
0.65,0.35,2.35168,4.323297,3.337489
0.7,0.35,2.349933,4.309223,3.329578
0.75,0.35,2.348229,4.295455,3.321842
0.8,0.35,2.346566,4.281995,3.314281
0.85,0.35,2.344946,4.268847,3.306897
0.9,0.35,2.343368,4.256013,3.299691
0.95,0.35,2.341833,4.243497,3.292665
1.0,0.35,2.340341,4.2313,3.28582
1.05,0.35,2.338891,4.219426,3.279158
1.1,0.35,2.337484,4.207877,3.27268
1.15,0.35,2.33612,4.196657,3.266388
1.2,0.35,2.334798,4.185767,3.260283
1.25,0.35,2.33352,4.175211,3.254365
1.3,0.35,2.332285,4.16499,3.248638
1.35,0.35,2.331093,4.155108,3.243101
1.4,0.35,2.329944,4.145567,3.237756
1.45,0.35,2.328839,4.136369,3.232604
1.5,0.35,2.327777,4.127517,3.227647
1.55,0.35,2.326758,4.119012,3.222885
1.6,0.35,2.325783,4.110857,3.21832
1.65,0.35,2.324851,4.103054,3.213953
1.7,0.35,2.323963,4.095605,3.209784
1.75,0.35,2.323118,4.088512,3.205815
1.8,0.35,2.322318,4.081776,3.202047
1.85,0.35,2.32156,4.0754,3.19848
1.9,0.35,2.320847,4.069386,3.195116
1.95,0.35,2.320177,4.063734,3.191956
2.0,0.35,2.319552,4.058446,3.188999
2.05,0.35,2.31897,4.053524,3.186247
2.1,0.35,2.318385,4.048577,3.183481
2.15,0.35,2.317833,4.043897,3.180865
2.2,0.35,2.317318,4.039527,3.178422
2.25,0.35,2.316837,4.03545,3.176144
2.3,0.35,2.316392,4.031668,3.17403
2.35,0.35,2.315982,4.028181,3.172081
2.4,0.35,2.315607,4.024989,3.170298
2.45,0.35,2.315267,4.022095,3.168681
2.5,0.35,2.314962,4.019497,3.16723
2.55,0.35,2.314692,4.017198,3.165945
2.6,0.35,2.314442,4.015065,3.164754
2.65,0.35,2.314186,4.012884,3.163535
2.7,0.35,2.313963,4.010981,3.162472
2.75,0.35,2.313772,4.009355,3.161564
2.8,0.35,2.313615,4.008009,3.160812
2.85,0.35,2.31349,4.00694,3.160215
2.9,0.35,2.313397,4.006151,3.159774
2.95,0.35,2.313338,4.005641,3.159489
3.0,0.35,2.31331,4.00541,3.15936
3.05,0.35,2.313316,4.005458,3.159387
3.1,0.35,2.313349,4.005741,3.159545
3.15,0.35,2.313403,4.006197,3.1598
3.2,0.35,2.313487,4.00692,3.160203
3.25,0.35,2.313563,4.007568,3.160566
3.3,0.35,2.313667,4.008455,3.161061
3.35,0.35,2.313801,4.009596,3.161698
3.4,0.35,2.313953,4.010892,3.162422
3.45,0.35,2.314106,4.012201,3.163153
3.5,0.35,2.314286,4.013736,3.164011
3.55,0.35,2.314493,4.015498,3.164995
3.6,0.35,2.314726,4.017486,3.166106
3.65,0.35,2.314986,4.019699,3.167342
3.7,0.35,2.315272,4.022138,3.168705
3.75,0.35,2.315584,4.024797,3.170191
3.8,0.35,2.31592,4.027651,3.171785
3.85,0.35,2.316278,4.030695,3.173487
3.9,0.35,2.316659,4.033935,3.175297
3.95,0.35,2.317046,4.037218,3.177132
4.0,0.35,2.317431,4.040492,3.178962
0.0,0.4,2.378185,4.53268,3.455432
0.05,0.4,2.375975,4.515502,3.445739
0.1,0.4,2.373803,4.498577,3.43619
0.15,0.4,2.37167,4.481907,3.426789
0.2,0.4,2.369576,4.465494,3.417535
0.25,0.4,2.367521,4.449342,3.408432
0.3,0.4,2.365505,4.433454,3.39948
0.35,0.4,2.363529,4.417832,3.39068
0.4,0.4,2.361591,4.402479,3.382035
0.45,0.4,2.359693,4.387398,3.373545
0.5,0.4,2.357834,4.372592,3.365213
0.55,0.4,2.356015,4.358063,3.357039
0.6,0.4,2.354235,4.343815,3.349025
0.65,0.4,2.352495,4.32985,3.341173
0.7,0.4,2.350795,4.316171,3.333483
0.75,0.4,2.349135,4.30278,3.325958
0.8,0.4,2.347515,4.289681,3.318598
0.85,0.4,2.345935,4.276876,3.311405
0.9,0.4,2.344395,4.264367,3.304381
0.95,0.4,2.342895,4.252158,3.297526
1.0,0.4,2.341436,4.24025,3.290843
1.05,0.4,2.340016,4.228647,3.284332
1.1,0.4,2.338638,4.217351,3.277994
1.15,0.4,2.3373,4.206364,3.271832
1.2,0.4,2.336002,4.195689,3.265846
1.25,0.4,2.334745,4.185329,3.260037
1.3,0.4,2.333529,4.175285,3.254407
1.35,0.4,2.332354,4.165559,3.248957
1.4,0.4,2.331219,4.156155,3.243687
1.45,0.4,2.330126,4.147074,3.2386
1.5,0.4,2.329073,4.138318,3.233696
1.55,0.4,2.328061,4.12989,3.228976
1.6,0.4,2.327091,4.121792,3.224441
1.65,0.4,2.326161,4.114024,3.220093
1.7,0.4,2.325273,4.10659,3.215932
1.75,0.4,2.324426,4.099492,3.211959
1.8,0.4,2.32362,4.09273,3.208175
1.85,0.4,2.322856,4.086306,3.204581
1.9,0.4,2.322133,4.080223,3.201178
1.95,0.4,2.321451,4.074481,3.197966
2.0,0.4,2.320811,4.069082,3.194947
2.05,0.4,2.320212,4.064028,3.19212
2.1,0.4,2.319648,4.059262,3.189455
2.15,0.4,2.319078,4.054445,3.186762
2.2,0.4,2.318546,4.049936,3.184241
2.25,0.4,2.318047,4.04571,3.181878
2.3,0.4,2.317581,4.041759,3.17967
2.35,0.4,2.317148,4.038085,3.177617
2.4,0.4,2.316748,4.034688,3.175718
2.45,0.4,2.316381,4.031569,3.173975
2.5,0.4,2.316046,4.028729,3.172388
2.55,0.4,2.315745,4.026168,3.170957
2.6,0.4,2.315477,4.023886,3.169682
2.65,0.4,2.315198,4.021505,3.168351
2.7,0.4,2.314939,4.019299,3.167119
2.75,0.4,2.31471,4.017354,3.166032
2.8,0.4,2.314513,4.015668,3.16509
2.85,0.4,2.314345,4.014243,3.164294
2.9,0.4,2.314209,4.013079,3.163644
2.95,0.4,2.314103,4.012176,3.16314
3.0,0.4,2.314028,4.011534,3.162781
3.05,0.4,2.313983,4.011154,3.162569
3.1,0.4,2.313969,4.011035,3.162502
3.15,0.4,2.313978,4.011107,3.162542
3.2,0.4,2.314007,4.01136,3.162684
3.25,0.4,2.314047,4.011699,3.162873
3.3,0.4,2.314093,4.012091,3.163092
3.35,0.4,2.314167,4.01272,3.163443
3.4,0.4,2.314268,4.013587,3.163928
3.45,0.4,2.314398,4.014691,3.164545
3.5,0.4,2.314555,4.016033,3.165294
3.55,0.4,2.314733,4.017549,3.166141
3.6,0.4,2.314908,4.019043,3.166976
3.65,0.4,2.315109,4.020748,3.167928
3.7,0.4,2.315334,4.022664,3.168999
3.75,0.4,2.315584,4.024791,3.170187
3.8,0.4,2.315856,4.027112,3.171484
3.85,0.4,2.316152,4.029627,3.17289
3.9,0.4,2.316472,4.032344,3.174408
3.95,0.4,2.316815,4.035263,3.176039
4.0,0.4,2.317163,4.038218,3.177691
0.0,0.45,2.378185,4.53268,3.455432
0.05,0.45,2.376047,4.516068,3.446058
0.1,0.45,2.373947,4.499696,3.436821
0.15,0.45,2.371882,4.483566,3.427724
0.2,0.45,2.369855,4.467681,3.418768
0.25,0.45,2.367865,4.452043,3.409954
0.3,0.45,2.365911,4.436656,3.401283
0.35,0.45,2.363995,4.42152,3.392758
0.4,0.45,2.362116,4.406641,3.384378
0.45,0.45,2.360274,4.392018,3.376146
0.5,0.45,2.358469,4.377657,3.368063
0.55,0.45,2.356702,4.363558,3.36013
0.6,0.45,2.354973,4.349725,3.352349
0.65,0.45,2.353281,4.33616,3.34472
0.7,0.45,2.351627,4.322865,3.337246
0.75,0.45,2.35001,4.309844,3.329927
0.8,0.45,2.348432,4.297098,3.322765
0.85,0.45,2.346891,4.28463,3.315761
0.9,0.45,2.345389,4.272443,3.308916
0.95,0.45,2.343924,4.260538,3.302231
1.0,0.45,2.342498,4.248919,3.295708
1.05,0.45,2.34111,4.237588,3.289349
1.1,0.45,2.33976,4.226546,3.283153
1.15,0.45,2.338448,4.215796,3.277122
1.2,0.45,2.337175,4.205341,3.271258
1.25,0.45,2.335941,4.195183,3.265562
1.3,0.45,2.334745,4.185323,3.260034
1.35,0.45,2.333587,4.175765,3.254676
1.4,0.45,2.332468,4.166509,3.249489
1.45,0.45,2.331388,4.157558,3.244473
1.5,0.45,2.330347,4.148914,3.239631
1.55,0.45,2.329345,4.14058,3.234962
1.6,0.45,2.328381,4.132555,3.230468
1.65,0.45,2.327456,4.124844,3.22615
1.7,0.45,2.326571,4.117447,3.222009
1.75,0.45,2.325724,4.110366,3.218045
1.8,0.45,2.324917,4.103602,3.214259
1.85,0.45,2.324148,4.097158,3.210653
1.9,0.45,2.323419,4.091035,3.207227
1.95,0.45,2.322728,4.085234,3.203981
2.0,0.45,2.322077,4.079756,3.200917
2.05,0.45,2.321466,4.074603,3.198034
2.1,0.45,2.320893,4.069777,3.195335
2.15,0.45,2.32034,4.065108,3.192724
2.2,0.45,2.319792,4.060482,3.190137
2.25,0.45,2.319279,4.05614,3.18771
2.3,0.45,2.318797,4.052061,3.185429
2.35,0.45,2.318345,4.04824,3.183293
2.4,0.45,2.317925,4.04468,3.181303
2.45,0.45,2.317536,4.04138,3.179458
2.5,0.45,2.317178,4.038342,3.17776
2.55,0.45,2.316851,4.035566,3.176208
2.6,0.45,2.316555,4.033052,3.174804
2.65,0.45,2.316272,4.030645,3.173458
2.7,0.45,2.315983,4.028188,3.172086
2.75,0.45,2.315723,4.025975,3.170849
2.8,0.45,2.315491,4.024005,3.169748
2.85,0.45,2.315288,4.022279,3.168784
2.9,0.45,2.315114,4.020797,3.167956
2.95,0.45,2.314969,4.01956,3.167264
3.0,0.45,2.314853,4.018567,3.16671
3.05,0.45,2.314765,4.017819,3.166292
3.1,0.45,2.314706,4.017317,3.166011
3.15,0.45,2.314676,4.017059,3.165867
3.2,0.45,2.314663,4.016952,3.165807
3.25,0.45,2.314673,4.017034,3.165853
3.3,0.45,2.31467,4.017008,3.165839
3.35,0.45,2.314692,4.017194,3.165943
3.4,0.45,2.314739,4.017603,3.166171
3.45,0.45,2.314813,4.018233,3.166523
3.5,0.45,2.314913,4.019085,3.166999
3.55,0.45,2.31504,4.020159,3.167599
3.6,0.45,2.315192,4.021454,3.168323
3.65,0.45,2.31537,4.022971,3.16917
3.7,0.45,2.315574,4.024709,3.170141
3.75,0.45,2.31577,4.026379,3.171075
3.8,0.45,2.315988,4.028234,3.172111
3.85,0.45,2.316226,4.030258,3.173242
3.9,0.45,2.316487,4.032472,3.17448
3.95,0.45,2.31677,4.034876,3.175823
4.0,0.45,2.317075,4.037466,3.17727
0.0,0.5,2.378185,4.53268,3.455432
0.05,0.5,2.376117,4.516609,3.446363
0.1,0.5,2.374084,4.500767,3.437426
0.15,0.5,2.372085,4.485155,3.42862
0.2,0.5,2.370122,4.469776,3.419949
0.25,0.5,2.368194,4.454632,3.411413
0.3,0.5,2.366301,4.439726,3.403013
0.35,0.5,2.364442,4.42506,3.394751
0.4,0.5,2.36262,4.410636,3.386628
0.45,0.5,2.360832,4.396456,3.378644
0.5,0.5,2.35908,4.382524,3.370802
0.55,0.5,2.357364,4.368842,3.363103
0.6,0.5,2.355683,4.355411,3.355547
0.65,0.5,2.354038,4.342235,3.348136
0.7,0.5,2.352429,4.329315,3.340872
0.75,0.5,2.350855,4.316654,3.333754
0.8,0.5,2.349318,4.304253,3.326786
0.85,0.5,2.347816,4.292117,3.319966
0.9,0.5,2.34635,4.280246,3.313298
0.95,0.5,2.344921,4.268642,3.306782
1.0,0.5,2.343527,4.257309,3.300418
1.05,0.5,2.34217,4.246248,3.294209
1.1,0.5,2.340849,4.235461,3.288155
1.15,0.5,2.339565,4.224951,3.282258
1.2,0.5,2.338317,4.214719,3.276518
1.25,0.5,2.337105,4.204768,3.270937
1.3,0.5,2.33593,4.195099,3.265515
1.35,0.5,2.334792,4.185715,3.260253
1.4,0.5,2.33369,4.176617,3.255153
1.45,0.5,2.332625,4.167807,3.250216
1.5,0.5,2.331597,4.159287,3.245442
1.55,0.5,2.330605,4.15106,3.240832
1.6,0.5,2.329651,4.143125,3.236388
1.65,0.5,2.328733,4.135487,3.23211
1.7,0.5,2.327852,4.128145,3.227998
1.75,0.5,2.327008,4.121101,3.224055
1.8,0.5,2.326201,4.114358,3.22028
1.85,0.5,2.325432,4.107916,3.216674
1.9,0.5,2.324699,4.101777,3.213238
1.95,0.5,2.324003,4.095943,3.209973
2.0,0.5,2.323345,4.090414,3.206879
2.05,0.5,2.322724,4.085192,3.203958
2.1,0.5,2.322139,4.080278,3.201209
2.15,0.5,2.321593,4.075673,3.198633
2.2,0.5,2.321051,4.071106,3.196078
2.25,0.5,2.320525,4.066667,3.193596
2.3,0.5,2.32003,4.062492,3.191261
2.35,0.5,2.319565,4.05856,3.189063
2.4,0.5,2.319129,4.054873,3.187001
2.45,0.5,2.318722,4.051431,3.185077
2.5,0.5,2.318345,4.048235,3.18329
2.55,0.5,2.317997,4.045285,3.181641
2.6,0.5,2.317678,4.042581,3.18013
2.65,0.5,2.317388,4.040125,3.178757
2.7,0.5,2.317081,4.037521,3.177301
2.75,0.5,2.316795,4.035086,3.17594
2.8,0.5,2.316535,4.03288,3.174707
2.85,0.5,2.316302,4.030902,3.173602
2.9,0.5,2.316096,4.029152,3.172624
2.95,0.5,2.315918,4.027633,3.171775
3.0,0.5,2.315766,4.026342,3.171054
3.05,0.5,2.315641,4.025282,3.170461
3.1,0.5,2.315544,4.024451,3.169997
3.15,0.5,2.315473,4.02385,3.169662
3.2,0.5,2.315429,4.02348,3.169455
3.25,0.5,2.315399,4.023222,3.169311
3.3,0.5,2.315373,4.022997,3.169185
3.35,0.5,2.31535,4.022802,3.169076
3.4,0.5,2.315351,4.022815,3.169083
3.45,0.5,2.315377,4.023035,3.169206
3.5,0.5,2.315428,4.023463,3.169445
3.55,0.5,2.315502,4.024098,3.1698
3.6,0.5,2.315601,4.024941,3.170271
3.65,0.5,2.315725,4.025991,3.170858
3.7,0.5,2.315872,4.027248,3.17156
3.75,0.5,2.316044,4.028712,3.172378
3.8,0.5,2.316241,4.030383,3.173312
3.85,0.5,2.31646,4.032248,3.174354
3.9,0.5,2.316683,4.034142,3.175413
3.95,0.5,2.316913,4.036093,3.176503
4.0,0.5,2.317164,4.038222,3.177693
0.0,0.55,2.378185,4.53268,3.455432
0.05,0.55,2.376184,4.517128,3.446656
0.1,0.55,2.374215,4.501793,3.438004
0.15,0.55,2.37228,4.486678,3.429479
0.2,0.55,2.370378,4.471784,3.421081
0.25,0.55,2.368509,4.457115,3.412812
0.3,0.55,2.366674,4.442671,3.404673
0.35,0.55,2.364872,4.428456,3.396664
0.4,0.55,2.363104,4.414471,3.388788
0.45,0.55,2.361369,4.400719,3.381044
0.5,0.55,2.359668,4.387202,3.373435
0.55,0.55,2.358001,4.373922,3.365961
0.6,0.55,2.356367,4.360881,3.358624
0.65,0.55,2.354768,4.348082,3.351425
0.7,0.55,2.353202,4.335526,3.344364
0.75,0.55,2.35167,4.323216,3.337443
0.8,0.55,2.350173,4.311154,3.330664
0.85,0.55,2.348709,4.299342,3.324026
0.9,0.55,2.34728,4.287781,3.317531
0.95,0.55,2.345885,4.276475,3.31118
1.0,0.55,2.344525,4.265424,3.304975
1.05,0.55,2.343199,4.254632,3.298915
1.1,0.55,2.341907,4.244099,3.293003
1.15,0.55,2.34065,4.233829,3.287239
1.2,0.55,2.339427,4.223822,3.281625
1.25,0.55,2.338239,4.214081,3.27616
1.3,0.55,2.337086,4.204607,3.270847
1.35,0.55,2.335967,4.195403,3.265685
1.4,0.55,2.334884,4.18647,3.260677
1.45,0.55,2.333835,4.17781,3.255822
1.5,0.55,2.332821,4.169424,3.251122
1.55,0.55,2.331841,4.161314,3.246578
1.6,0.55,2.330897,4.153483,3.24219
1.65,0.55,2.329988,4.14593,3.237959
1.7,0.55,2.329114,4.138659,3.233887
1.75,0.55,2.328275,4.13167,3.229973
1.8,0.55,2.327471,4.124965,3.226218
1.85,0.55,2.326702,4.118546,3.222624
1.9,0.55,2.325969,4.112413,3.219191
1.95,0.55,2.32527,4.106567,3.215919
2.0,0.55,2.324607,4.101011,3.212809
2.05,0.55,2.32398,4.095745,3.209862
2.1,0.55,2.323387,4.090771,3.207079
2.15,0.55,2.32283,4.086089,3.204459
2.2,0.55,2.322308,4.0817,3.202004
2.25,0.55,2.321778,4.077238,3.199508
2.3,0.55,2.321274,4.072984,3.197129
2.35,0.55,2.320798,4.068972,3.194885
2.4,0.55,2.32035,4.06519,3.19277
2.45,0.55,2.319929,4.061639,3.190784
2.5,0.55,2.319536,4.058319,3.188928
2.55,0.55,2.319171,4.055231,3.187201
2.6,0.55,2.318834,4.052375,3.185604
2.65,0.55,2.318524,4.049752,3.184138
2.7,0.55,2.318221,4.047189,3.182705
2.75,0.55,2.317913,4.044573,3.181243
2.8,0.55,2.31763,4.042172,3.179901
2.85,0.55,2.317372,4.039985,3.178678
2.9,0.55,2.317139,4.038013,3.177576
2.95,0.55,2.316932,4.036257,3.176594
3.0,0.55,2.316751,4.034715,3.175733
3.05,0.55,2.316595,4.03339,3.174992
3.1,0.55,2.316464,4.03228,3.174372
3.15,0.55,2.316359,4.031387,3.173873
3.2,0.55,2.31628,4.03071,3.173495
3.25,0.55,2.316225,4.030249,3.173237
3.3,0.55,2.316181,4.029868,3.173024
3.35,0.55,2.31612,4.029354,3.172737
3.4,0.55,2.316081,4.029026,3.172554
3.45,0.55,2.316066,4.028893,3.17248
3.5,0.55,2.316073,4.028955,3.172514
3.55,0.55,2.316103,4.02921,3.172657
3.6,0.55,2.316156,4.02966,3.172908
3.65,0.55,2.316232,4.030305,3.173268
3.7,0.55,2.31633,4.031143,3.173737
3.75,0.55,2.316452,4.032176,3.174314
3.8,0.55,2.316596,4.033403,3.175
3.85,0.55,2.316764,4.034823,3.175793
3.9,0.55,2.316951,4.036413,3.176682
3.95,0.55,2.31716,4.038186,3.177673
4.0,0.55,2.317391,4.040145,3.178768
0.0,0.6,2.378185,4.53268,3.455432
0.05,0.6,2.376247,4.517624,3.446936
0.1,0.6,2.374341,4.502776,3.438558
0.15,0.6,2.372467,4.488137,3.430302
0.2,0.6,2.370624,4.473709,3.422166
0.25,0.6,2.368812,4.459495,3.414153
0.3,0.6,2.367033,4.445496,3.406264
0.35,0.6,2.365285,4.431715,3.3985
0.4,0.6,2.363569,4.418153,3.390861
0.45,0.6,2.361885,4.404813,3.383349
0.5,0.6,2.360233,4.391697,3.375965
0.55,0.6,2.358614,4.378806,3.36871
0.6,0.6,2.357026,4.366143,3.361585
0.65,0.6,2.355471,4.35371,3.35459
0.7,0.6,2.353947,4.341508,3.347728
0.75,0.6,2.352457,4.32954,3.340998
0.8,0.6,2.350998,4.317807,3.334403
0.85,0.6,2.349573,4.306312,3.327942
0.9,0.6,2.348179,4.295056,3.321617
0.95,0.6,2.346818,4.284041,3.31543
1.0,0.6,2.34549,4.273269,3.30938
1.05,0.6,2.344195,4.262742,3.303469
1.1,0.6,2.342932,4.252462,3.297697
1.15,0.6,2.341703,4.242431,3.292067
1.2,0.6,2.340506,4.232649,3.286578
1.25,0.6,2.339342,4.22312,3.281231
1.3,0.6,2.33821,4.213845,3.276028
1.35,0.6,2.337112,4.204825,3.270969
1.4,0.6,2.336047,4.196062,3.266055
1.45,0.6,2.335015,4.187558,3.261287
1.5,0.6,2.334017,4.179314,3.256665
1.55,0.6,2.333051,4.171332,3.252191
1.6,0.6,2.332119,4.163613,3.247866
1.65,0.6,2.33122,4.156159,3.243689
1.7,0.6,2.330354,4.148971,3.239662
1.75,0.6,2.329522,4.142051,3.235786
1.8,0.6,2.328722,4.135399,3.232061
1.85,0.6,2.327957,4.129018,3.228488
1.9,0.6,2.327225,4.122909,3.225067
1.95,0.6,2.326526,4.117072,3.221799
2.0,0.6,2.325861,4.111509,3.218685
2.05,0.6,2.325229,4.106221,3.215725
2.1,0.6,2.324631,4.101209,3.21292
2.15,0.6,2.324067,4.096474,3.21027
2.2,0.6,2.323536,4.092017,3.207777
2.25,0.6,2.323034,4.087802,3.205418
2.3,0.6,2.322521,4.083485,3.203003
2.35,0.6,2.322037,4.079413,3.200725
2.4,0.6,2.32158,4.075564,3.198572
2.45,0.6,2.321149,4.071932,3.196541
2.5,0.6,2.320744,4.068519,3.194632
2.55,0.6,2.320366,4.065324,3.192845
2.6,0.6,2.320013,4.062348,3.191181
2.65,0.6,2.319687,4.059592,3.189639
2.7,0.6,2.319387,4.057056,3.188221
2.75,0.6,2.319066,4.054336,3.186701
2.8,0.6,2.318763,4.051777,3.18527
2.85,0.6,2.318485,4.049419,3.183952
2.9,0.6,2.31823,4.047263,3.182747
2.95,0.6,2.318,4.04531,3.181655
3.0,0.6,2.317793,4.043559,3.180676
3.05,0.6,2.317611,4.042012,3.179811
3.1,0.6,2.317452,4.040667,3.17906
3.15,0.6,2.317318,4.039526,3.178422
3.2,0.6,2.317207,4.038588,3.177897
3.25,0.6,2.317121,4.037854,3.177487
3.3,0.6,2.317056,4.037306,3.177181
3.35,0.6,2.316982,4.036681,3.176832
3.4,0.6,2.31691,4.036063,3.176486
3.45,0.6,2.316858,4.035627,3.176243
3.5,0.6,2.316828,4.035373,3.176101
3.55,0.6,2.31682,4.035302,3.176061
3.6,0.6,2.316833,4.035413,3.176123
3.65,0.6,2.316868,4.035706,3.176287
3.7,0.6,2.316924,4.036182,3.176553
3.75,0.6,2.317001,4.03684,3.17692
3.8,0.6,2.3171,4.03768,3.17739
3.85,0.6,2.31722,4.038702,3.177961
3.9,0.6,2.317361,4.039898,3.17863
3.95,0.6,2.317521,4.041254,3.179388
4.0,0.6,2.317702,4.042784,3.180243
0.0,0.65,2.378185,4.53268,3.455432
0.05,0.65,2.376308,4.518099,3.447204
0.1,0.65,2.374462,4.503717,3.439089
0.15,0.65,2.372645,4.489534,3.43109
0.2,0.65,2.370859,4.475554,3.423207
0.25,0.65,2.369103,4.461777,3.41544
0.3,0.65,2.367377,4.448206,3.407792
0.35,0.65,2.365681,4.434843,3.400262
0.4,0.65,2.364016,4.421689,3.392852
0.45,0.65,2.362381,4.408746,3.385564
0.5,0.65,2.360777,4.396016,3.378397
0.55,0.65,2.359203,4.383502,3.371352
0.6,0.65,2.35766,4.371204,3.364432
0.65,0.65,2.356148,4.359125,3.357636
0.7,0.65,2.354666,4.347267,3.350966
0.75,0.65,2.353215,4.335631,3.344423
0.8,0.65,2.351795,4.324219,3.338007
0.85,0.65,2.350406,4.313033,3.331719
0.9,0.65,2.349048,4.302075,3.325561
0.95,0.65,2.347721,4.291346,3.319533
1.0,0.65,2.346425,4.280848,3.313636
1.05,0.65,2.34516,4.270584,3.307872
1.1,0.65,2.343926,4.260553,3.30224
1.15,0.65,2.342723,4.250759,3.296741
1.2,0.65,2.341552,4.241203,3.291378
1.25,0.65,2.340412,4.231887,3.286149
1.3,0.65,2.339304,4.222811,3.281057
1.35,0.65,2.338227,4.213978,3.276102
1.4,0.65,2.337181,4.205389,3.271285
1.45,0.65,2.336167,4.197046,3.266606
1.5,0.65,2.335184,4.188949,3.262067
1.55,0.65,2.334233,4.181102,3.257667
1.6,0.65,2.333314,4.173504,3.253409
1.65,0.65,2.332426,4.166158,3.249292
1.7,0.65,2.33157,4.159064,3.245317
1.75,0.65,2.330746,4.152224,3.241485
1.8,0.65,2.329953,4.145639,3.237796
1.85,0.65,2.329192,4.139311,3.234252
1.9,0.65,2.328463,4.13324,3.230852
1.95,0.65,2.327766,4.127428,3.227597
2.0,0.65,2.327101,4.121876,3.224488
2.05,0.65,2.326468,4.116585,3.221526
2.1,0.65,2.325866,4.111555,3.218711
2.15,0.65,2.325297,4.106789,3.216043
2.2,0.65,2.324759,4.102286,3.213523
2.25,0.65,2.324254,4.098047,3.211151
2.3,0.65,2.323766,4.093956,3.208861
2.35,0.65,2.323276,4.089832,3.206554
2.4,0.65,2.322812,4.085938,3.204375
2.45,0.65,2.322374,4.08225,3.202312
2.5,0.65,2.32196,4.078769,3.200365
2.55,0.65,2.321572,4.075495,3.198533
2.6,0.65,2.321208,4.072427,3.196817
2.65,0.65,2.320868,4.069567,3.195218
2.7,0.65,2.320554,4.066914,3.193734
2.75,0.65,2.320243,4.064288,3.192266
2.8,0.65,2.319925,4.061603,3.190764
2.85,0.65,2.31963,4.059108,3.189369
2.9,0.65,2.319357,4.056802,3.18808
2.95,0.65,2.319107,4.054688,3.186897
3.0,0.65,2.31888,4.052764,3.185822
3.05,0.65,2.318675,4.051031,3.184853
3.1,0.65,2.318493,4.04949,3.183991
3.15,0.65,2.318334,4.04814,3.183237
3.2,0.65,2.318197,4.046982,3.182589
3.25,0.65,2.318083,4.046015,3.182049
3.3,0.65,2.317992,4.045241,3.181616
3.35,0.65,2.317919,4.044625,3.181272
3.4,0.65,2.317818,4.043771,3.180795
3.45,0.65,2.317736,4.043077,3.180407
3.5,0.65,2.317675,4.042554,3.180114
3.55,0.65,2.317633,4.042203,3.179918
3.6,0.65,2.317612,4.042022,3.179817
3.65,0.65,2.317611,4.042013,3.179812
3.7,0.65,2.31763,4.042175,3.179902
3.75,0.65,2.317669,4.042508,3.180089
3.8,0.65,2.317729,4.043013,3.180371
3.85,0.65,2.317808,4.043688,3.180748
3.9,0.65,2.317908,4.044535,3.181221
3.95,0.65,2.318026,4.045534,3.18178
4.0,0.65,2.318162,4.04669,3.182426
0.0,0.7,2.378185,4.53268,3.455432
0.05,0.7,2.376367,4.518554,3.447461
0.1,0.7,2.374578,4.504619,3.439598
0.15,0.7,2.372817,4.490874,3.431846
0.2,0.7,2.371085,4.477323,3.424204
0.25,0.7,2.369382,4.463967,3.416674
0.3,0.7,2.367707,4.450806,3.409257
0.35,0.7,2.366062,4.437845,3.401953
0.4,0.7,2.364445,4.425083,3.394764
0.45,0.7,2.362858,4.412523,3.387691
0.5,0.7,2.3613,4.400167,3.380733
0.55,0.7,2.35977,4.388016,3.373893
0.6,0.7,2.35827,4.376071,3.367171
0.65,0.7,2.3568,4.364336,3.360568
0.7,0.7,2.355358,4.35281,3.354084
0.75,0.7,2.353946,4.341497,3.347722
0.8,0.7,2.352563,4.330397,3.34148
0.85,0.7,2.35121,4.319513,3.335362
0.9,0.7,2.349887,4.308846,3.329366
0.95,0.7,2.348593,4.298397,3.323495
1.0,0.7,2.347328,4.288168,3.317748
1.05,0.7,2.346093,4.278161,3.312127
1.1,0.7,2.344888,4.268377,3.306633
1.15,0.7,2.343713,4.258819,3.301266
1.2,0.7,2.342567,4.249486,3.296027
1.25,0.7,2.341452,4.240381,3.290916
1.3,0.7,2.340366,4.231506,3.285936
1.35,0.7,2.33931,4.222861,3.281086
1.4,0.7,2.338284,4.214449,3.276366
1.45,0.7,2.337288,4.20627,3.271779
1.5,0.7,2.336322,4.198326,3.267324
1.55,0.7,2.335387,4.190618,3.263002
1.6,0.7,2.334481,4.183148,3.258814
1.65,0.7,2.333606,4.175917,3.254761
1.7,0.7,2.33276,4.168925,3.250843
1.75,0.7,2.331945,4.162175,3.24706
1.8,0.7,2.331161,4.155668,3.243414
1.85,0.7,2.330406,4.149404,3.239905
1.9,0.7,2.329682,4.143385,3.236533
1.95,0.7,2.328988,4.137612,3.2333
2.0,0.7,2.328325,4.132085,3.230205
2.05,0.7,2.327692,4.126807,3.227249
2.1,0.7,2.327089,4.121777,3.224433
2.15,0.7,2.326517,4.116996,3.221757
2.2,0.7,2.325975,4.112467,3.219221
2.25,0.7,2.325464,4.108188,3.216826
2.3,0.7,2.324983,4.104162,3.214573
2.35,0.7,2.32451,4.100196,3.212353
2.4,0.7,2.324041,4.096262,3.210152
2.45,0.7,2.323598,4.092541,3.208069
2.5,0.7,2.323178,4.089014,3.206096
2.55,0.7,2.322782,4.085684,3.204233
2.6,0.7,2.322409,4.082548,3.202479
2.65,0.7,2.32206,4.07961,3.200835
2.7,0.7,2.321734,4.076867,3.199301
2.75,0.7,2.321432,4.074322,3.197877
2.8,0.7,2.321106,4.071572,3.196339
2.85,0.7,2.320797,4.068968,3.194882
2.9,0.7,2.32051,4.066543,3.193526
2.95,0.7,2.320244,4.064298,3.192271
3.0,0.7,2.32,4.062232,3.191116
3.05,0.7,2.319776,4.060348,3.190062
3.1,0.7,2.319575,4.058643,3.189109
3.15,0.7,2.319395,4.057119,3.188257
3.2,0.7,2.319236,4.055776,3.187506
3.25,0.7,2.319098,4.054615,3.186857
3.3,0.7,2.318983,4.053634,3.186308
3.35,0.7,2.318888,4.052835,3.185862
3.4,0.7,2.318791,4.052017,3.185404
3.45,0.7,2.318684,4.051104,3.184894
3.5,0.7,2.318595,4.050353,3.184474
3.55,0.7,2.318525,4.049762,3.184144
3.6,0.7,2.318474,4.049332,3.183903
3.65,0.7,2.318443,4.049064,3.183753
3.7,0.7,2.31843,4.048956,3.183693
3.75,0.7,2.318436,4.049009,3.183723
3.8,0.7,2.318462,4.049224,3.183843
3.85,0.7,2.318506,4.049599,3.184053
3.9,0.7,2.318569,4.050136,3.184353
3.95,0.7,2.318651,4.050831,3.184741
4.0,0.7,2.318749,4.051661,3.185205
0.0,0.75,2.378185,4.53268,3.455432
0.05,0.75,2.376423,4.518991,3.447707
0.1,0.75,2.374688,4.505483,3.440086
0.15,0.75,2.372981,4.492159,3.43257
0.2,0.75,2.371302,4.47902,3.425161
0.25,0.75,2.369649,4.466067,3.417858
0.3,0.75,2.368025,4.453302,3.410663
0.35,0.75,2.366427,4.440727,3.403577
0.4,0.75,2.364858,4.428343,3.3966
0.45,0.75,2.363316,4.416152,3.389734
0.5,0.75,2.361802,4.404155,3.382979
0.55,0.75,2.360316,4.392355,3.376335
0.6,0.75,2.358858,4.380752,3.369805
0.65,0.75,2.357428,4.369349,3.363388
0.7,0.75,2.356025,4.358146,3.357086
0.75,0.75,2.354651,4.347146,3.350898
0.8,0.75,2.353305,4.33635,3.344827
0.85,0.75,2.351986,4.325759,3.338873
0.9,0.75,2.350697,4.315375,3.333036
0.95,0.75,2.349435,4.3052,3.327317
1.0,0.75,2.348201,4.295234,3.321718
1.05,0.75,2.346996,4.28548,3.316238
1.1,0.75,2.345819,4.275939,3.310879
1.15,0.75,2.344671,4.266612,3.305642
1.2,0.75,2.343551,4.257501,3.300526
1.25,0.75,2.342459,4.248607,3.295533
1.3,0.75,2.341396,4.239931,3.290664
1.35,0.75,2.340362,4.231475,3.285919
1.4,0.75,2.339356,4.223241,3.281298
1.45,0.75,2.338379,4.215228,3.276804
1.5,0.75,2.337431,4.20744,3.272435
1.55,0.75,2.336511,4.199876,3.268193
1.6,0.75,2.33562,4.192538,3.264079
1.65,0.75,2.334757,4.185428,3.260093
1.7,0.75,2.333924,4.178546,3.256235
1.75,0.75,2.333119,4.171894,3.252507
1.8,0.75,2.332343,4.165473,3.248908
1.85,0.75,2.331596,4.159283,3.24544
1.9,0.75,2.330878,4.153326,3.242102
1.95,0.75,2.330189,4.147603,3.238896
2.0,0.75,2.329529,4.142115,3.235822
2.05,0.75,2.328898,4.136863,3.23288
2.1,0.75,2.328296,4.131847,3.230071
2.15,0.75,2.327723,4.127068,3.227396
2.2,0.75,2.327179,4.122528,3.224854
2.25,0.75,2.326664,4.118227,3.222446
2.3,0.75,2.326178,4.114166,3.220172
2.35,0.75,2.325722,4.110346,3.218034
2.4,0.75,2.325263,4.106508,3.215885
2.45,0.75,2.324816,4.102759,3.213787
2.5,0.75,2.324392,4.099207,3.2118
2.55,0.75,2.323991,4.09584,3.209916
2.6,0.75,2.323612,4.092659,3.208135
2.65,0.75,2.323255,4.089663,3.206459
2.7,0.75,2.322921,4.086854,3.204888
2.75,0.75,2.322609,4.084232,3.203421
2.8,0.75,2.322298,4.081615,3.201957
2.85,0.75,2.321979,4.078927,3.200453
2.9,0.75,2.32168,4.076409,3.199045
2.95,0.75,2.321401,4.07406,3.197731
3.0,0.75,2.321143,4.071882,3.196512
3.05,0.75,2.320905,4.069874,3.195389
3.1,0.75,2.320687,4.068036,3.194361
3.15,0.75,2.320489,4.066369,3.193429
3.2,0.75,2.320312,4.064872,3.192592
3.25,0.75,2.320155,4.063547,3.191851
3.3,0.75,2.320019,4.062393,3.191206
3.35,0.75,2.319902,4.061411,3.190657
3.4,0.75,2.319806,4.0606,3.190203
3.45,0.75,2.319686,4.059586,3.189636
3.5,0.75,2.319575,4.058641,3.189108
3.55,0.75,2.319481,4.057848,3.188665
3.6,0.75,2.319405,4.057207,3.188306
3.65,0.75,2.319347,4.056717,3.188032
3.7,0.75,2.319307,4.056379,3.187843
3.75,0.75,2.319285,4.056192,3.187738
3.8,0.75,2.319281,4.056157,3.187719
3.85,0.75,2.319295,4.056274,3.187784
3.9,0.75,2.319326,4.056542,3.187934
3.95,0.75,2.319376,4.056962,3.188169
4.0,0.75,2.319442,4.057521,3.188482
0.0,0.8,2.378185,4.53268,3.455432
0.05,0.8,2.376477,4.519409,3.447943
0.1,0.8,2.374795,4.506312,3.440553
0.15,0.8,2.373139,4.493391,3.433265
0.2,0.8,2.371509,4.480647,3.426078
0.25,0.8,2.369906,4.468082,3.418994
0.3,0.8,2.368329,4.455697,3.412013
0.35,0.8,2.366779,4.443493,3.405136
0.4,0.8,2.365254,4.431473,3.398364
0.45,0.8,2.363757,4.419637,3.391697
0.5,0.8,2.362286,4.407988,3.385137
0.55,0.8,2.360841,4.396526,3.378684
0.6,0.8,2.359423,4.385253,3.372338
0.65,0.8,2.358032,4.374171,3.366102
0.7,0.8,2.356668,4.363281,3.359974
0.75,0.8,2.35533,4.352585,3.353957
0.8,0.8,2.354019,4.342083,3.348051
0.85,0.8,2.352735,4.331778,3.342256
0.9,0.8,2.351478,4.32167,3.336574
0.95,0.8,2.350248,4.311761,3.331005
1.0,0.8,2.349045,4.302053,3.325549
1.05,0.8,2.347869,4.292547,3.320208
1.1,0.8,2.34672,4.283244,3.314982
1.15,0.8,2.345598,4.274145,3.309872
1.2,0.8,2.344504,4.265253,3.304878
1.25,0.8,2.343436,4.256567,3.300002
1.3,0.8,2.342396,4.24809,3.295243
1.35,0.8,2.341383,4.239822,3.290603
1.4,0.8,2.340398,4.231766,3.286082
1.45,0.8,2.339439,4.223921,3.28168
1.5,0.8,2.338508,4.21629,3.277399
1.55,0.8,2.337605,4.208873,3.273239
1.6,0.8,2.336729,4.201671,3.2692
1.65,0.8,2.33588,4.194687,3.265284
1.7,0.8,2.335059,4.18792,3.26149
1.75,0.8,2.334266,4.181372,3.257819
1.8,0.8,2.3335,4.175043,3.254272
1.85,0.8,2.332762,4.168936,3.250849
1.9,0.8,2.332051,4.16305,3.24755
1.95,0.8,2.331368,4.157387,3.244377
2.0,0.8,2.330712,4.151948,3.24133
2.05,0.8,2.330085,4.146733,3.238409
2.1,0.8,2.329485,4.141744,3.235614
2.15,0.8,2.328912,4.13698,3.232946
2.2,0.8,2.328368,4.132444,3.230406
2.25,0.8,2.327851,4.128136,3.227993
2.3,0.8,2.327362,4.124056,3.225709
2.35,0.8,2.326901,4.120205,3.223553
2.4,0.8,2.326468,4.116584,3.221526
2.45,0.8,2.326024,4.112875,3.21945
2.5,0.8,2.325598,4.109307,3.217452
2.55,0.8,2.325193,4.105921,3.215557
2.6,0.8,2.32481,4.102712,3.213761
2.65,0.8,2.324449,4.099679,3.212064
2.7,0.8,2.324108,4.096823,3.210466
2.75,0.8,2.323789,4.094144,3.208967
2.8,0.8,2.323491,4.091643,3.207567
2.85,0.8,2.323168,4.088925,3.206046
2.9,0.8,2.32286,4.086336,3.204598
2.95,0.8,2.322571,4.083908,3.203239
3.0,0.8,2.322301,4.08164,3.201971
3.05,0.8,2.322051,4.079534,3.200792
3.1,0.8,2.32182,4.077588,3.199704
3.15,0.8,2.321608,4.075804,3.198706
3.2,0.8,2.321416,4.074182,3.197799
3.25,0.8,2.321243,4.072722,3.196982
3.3,0.8,2.321089,4.071424,3.196256
3.35,0.8,2.320954,4.070288,3.195621
3.4,0.8,2.320838,4.069314,3.195076
3.45,0.8,2.320726,4.068365,3.194545
3.5,0.8,2.320601,4.06731,3.193955
3.55,0.8,2.320487,4.066347,3.193417
3.6,0.8,2.32039,4.065526,3.192958
3.65,0.8,2.320309,4.064849,3.192579
3.7,0.8,2.320246,4.064314,3.19228
3.75,0.8,2.3202,4.063923,3.192061
3.8,0.8,2.32017,4.063674,3.191922
3.85,0.8,2.320158,4.063569,3.191863
3.9,0.8,2.320162,4.063606,3.191884
3.95,0.8,2.320184,4.063787,3.191985
4.0,0.8,2.320222,4.064111,3.192166
0.0,0.85,2.378185,4.53268,3.455432
0.05,0.85,2.376528,4.51981,3.448169
0.1,0.85,2.374897,4.507107,3.441002
0.15,0.85,2.37329,4.494573,3.433931
0.2,0.85,2.371709,4.482208,3.426959
0.25,0.85,2.370153,4.470015,3.420084
0.3,0.85,2.368622,4.457995,3.413308
0.35,0.85,2.367116,4.44615,3.406633
0.4,0.85,2.365635,4.434479,3.400057
0.45,0.85,2.36418,4.422986,3.393583
0.5,0.85,2.36275,4.411671,3.387211
0.55,0.85,2.361346,4.400536,3.380941
0.6,0.85,2.359967,4.389582,3.374775
0.65,0.85,2.358614,4.378811,3.368712
0.7,0.85,2.357286,4.368223,3.362755
0.75,0.85,2.355984,4.35782,3.356902
0.8,0.85,2.354708,4.347604,3.351156
0.85,0.85,2.353457,4.337576,3.345517
0.9,0.85,2.352232,4.327737,3.339985
0.95,0.85,2.351033,4.318089,3.334561
1.0,0.85,2.34986,4.308632,3.329246
1.05,0.85,2.348713,4.299368,3.32404
1.1,0.85,2.347591,4.290298,3.318945
1.15,0.85,2.346496,4.281424,3.31396
1.2,0.85,2.345426,4.272746,3.309086
1.25,0.85,2.344382,4.264266,3.304324
1.3,0.85,2.343365,4.255986,3.299675
1.35,0.85,2.342373,4.247905,3.295139
1.4,0.85,2.341408,4.240026,3.290717
1.45,0.85,2.340469,4.232349,3.286409
1.5,0.85,2.339556,4.224876,3.282216
1.55,0.85,2.338669,4.217608,3.278138
1.6,0.85,2.337809,4.210545,3.274177
1.65,0.85,2.336974,4.203689,3.270332
1.7,0.85,2.336166,4.197041,3.266604
1.75,0.85,2.335385,4.190602,3.262993
1.8,0.85,2.334629,4.184372,3.259501
1.85,0.85,2.3339,4.178353,3.256127
1.9,0.85,2.333198,4.172546,3.252872
1.95,0.85,2.332522,4.166951,3.249736
2.0,0.85,2.331872,4.161569,3.246721
2.05,0.85,2.331249,4.156402,3.243825
2.1,0.85,2.330652,4.151449,3.241051
2.15,0.85,2.330082,4.146712,3.238397
2.2,0.85,2.329538,4.142192,3.235865
2.25,0.85,2.329021,4.137889,3.233455
2.3,0.85,2.328531,4.133804,3.231167
2.35,0.85,2.328067,4.129937,3.229002
2.4,0.85,2.32763,4.126289,3.226959
2.45,0.85,2.327219,4.122861,3.22504
2.5,0.85,2.326791,4.119284,3.223037
2.55,0.85,2.326385,4.115891,3.221138
2.6,0.85,2.325999,4.112669,3.219334
2.65,0.85,2.325634,4.109615,3.217625
2.7,0.85,2.32529,4.106729,3.21601
2.75,0.85,2.324965,4.104012,3.214489
2.8,0.85,2.324661,4.101463,3.213062
2.85,0.85,2.324357,4.098909,3.211633
2.9,0.85,2.324042,4.096269,3.210156
2.95,0.85,2.323746,4.093781,3.208763
3.0,0.85,2.323468,4.091446,3.207457
3.05,0.85,2.323208,4.089263,3.206235
3.1,0.85,2.322966,4.087232,3.205099
3.15,0.85,2.322743,4.085355,3.204049
3.2,0.85,2.322538,4.083631,3.203084
3.25,0.85,2.322351,4.08206,3.202206
3.3,0.85,2.322183,4.080643,3.201413
3.35,0.85,2.322033,4.07938,3.200706
3.4,0.85,2.321901,4.07827,3.200086
3.45,0.85,2.321788,4.077315,3.199551
3.5,0.85,2.321658,4.07622,3.198939
3.55,0.85,2.321531,4.075156,3.198344
3.6,0.85,2.321416,4.074186,3.197801
3.65,0.85,2.321317,4.07335,3.197334
3.7,0.85,2.321234,4.07265,3.196942
3.75,0.85,2.321167,4.072085,3.196626
3.8,0.85,2.321116,4.071654,3.196385
3.85,0.85,2.321081,4.071359,3.19622
3.9,0.85,2.321062,4.071199,3.196131
3.95,0.85,2.321059,4.071174,3.196117
4.0,0.85,2.321072,4.071285,3.196178
0.0,0.9,2.378185,4.53268,3.455432
0.05,0.9,2.376578,4.520194,3.448386
0.1,0.9,2.374995,4.507869,3.441432
0.15,0.9,2.373435,4.495706,3.434571
0.2,0.9,2.3719,4.483706,3.427803
0.25,0.9,2.370389,4.471871,3.42113
0.3,0.9,2.368902,4.460202,3.414552
0.35,0.9,2.36744,4.4487,3.40807
0.4,0.9,2.366001,4.437367,3.401684
0.45,0.9,2.364587,4.426203,3.395395
0.5,0.9,2.363197,4.415211,3.389204
0.55,0.9,2.361832,4.404391,3.383112
0.6,0.9,2.360491,4.393745,3.377118
0.65,0.9,2.359174,4.383273,3.371224
0.7,0.9,2.357882,4.372978,3.36543
0.75,0.9,2.356615,4.36286,3.359738
0.8,0.9,2.355372,4.352921,3.354147
0.85,0.9,2.354154,4.343162,3.348658
0.9,0.9,2.35296,4.333584,3.343272
0.95,0.9,2.351791,4.324189,3.33799
1.0,0.9,2.350647,4.314976,3.332812
1.05,0.9,2.349528,4.305949,3.327738
1.1,0.9,2.348433,4.297107,3.32277
1.15,0.9,2.347363,4.288453,3.317908
1.2,0.9,2.346318,4.279986,3.313152
1.25,0.9,2.345298,4.271709,3.308504
1.3,0.9,2.344303,4.263622,3.303963
1.35,0.9,2.343333,4.255727,3.29953
1.4,0.9,2.342388,4.248024,3.295206
1.45,0.9,2.341468,4.240515,3.290991
1.5,0.9,2.340573,4.2332,3.286887
1.55,0.9,2.339703,4.226081,3.282892
1.6,0.9,2.338858,4.219159,3.279008
1.65,0.9,2.338039,4.212434,3.275236
1.7,0.9,2.337244,4.205907,3.271576
1.75,0.9,2.336475,4.19958,3.268028
1.8,0.9,2.335731,4.193454,3.264592
1.85,0.9,2.335012,4.187529,3.26127
1.9,0.9,2.334318,4.181805,3.258062
1.95,0.9,2.33365,4.176285,3.254968
2.0,0.9,2.333007,4.170968,3.251988
2.05,0.9,2.33239,4.165856,3.249123
2.1,0.9,2.331797,4.160949,3.246373
2.15,0.9,2.33123,4.156248,3.243739
2.2,0.9,2.330689,4.151754,3.241222
2.25,0.9,2.330173,4.147467,3.23882
2.3,0.9,2.329682,4.143388,3.236535
2.35,0.9,2.329217,4.139518,3.234368
2.4,0.9,2.328777,4.135857,3.232317
2.45,0.9,2.328363,4.132405,3.230384
2.5,0.9,2.327969,4.129123,3.228546
2.55,0.9,2.327562,4.125721,3.226641
2.6,0.9,2.327175,4.122498,3.224837
2.65,0.9,2.326809,4.119437,3.223123
2.7,0.9,2.326462,4.116536,3.221499
2.75,0.9,2.326134,4.113795,3.219965
2.8,0.9,2.325826,4.111216,3.218521
2.85,0.9,2.325537,4.108797,3.217167
2.9,0.9,2.325222,4.10616,3.215691
2.95,0.9,2.32492,4.10363,3.214275
3.0,0.9,2.324635,4.101245,3.21294
3.05,0.9,2.324368,4.099005,3.211686
3.1,0.9,2.324118,4.096909,3.210514
3.15,0.9,2.323886,4.094959,3.209422
3.2,0.9,2.323671,4.093154,3.208412
3.25,0.9,2.323473,4.091494,3.207484
3.3,0.9,2.323293,4.089981,3.206637
3.35,0.9,2.32313,4.088613,3.205872
3.4,0.9,2.322985,4.087391,3.205188
3.45,0.9,2.322857,4.086315,3.204586
3.5,0.9,2.322732,4.085267,3.203999
3.55,0.9,2.3226,4.084157,3.203379
3.6,0.9,2.322474,4.083095,3.202784
3.65,0.9,2.322359,4.082128,3.202244
3.7,0.9,2.32226,4.081288,3.201774
3.75,0.9,2.322175,4.080577,3.201376
3.8,0.9,2.322106,4.079993,3.201049
3.85,0.9,2.322051,4.079536,3.200794
3.9,0.9,2.322012,4.079208,3.20061
3.95,0.9,2.321989,4.079007,3.200498
4.0,0.9,2.32198,4.078935,3.200457
0.0,0.95,2.378185,4.53268,3.455432
0.05,0.95,2.376625,4.520563,3.448594
0.1,0.95,2.375088,4.5086,3.441844
0.15,0.95,2.373575,4.496794,3.435184
0.2,0.95,2.372084,4.485144,3.428614
0.25,0.95,2.370617,4.473653,3.422135
0.3,0.95,2.369172,4.462321,3.415747
0.35,0.95,2.367751,4.45115,3.409451
0.4,0.95,2.366353,4.440141,3.403247
0.45,0.95,2.364979,4.429295,3.397137
0.5,0.95,2.363627,4.418613,3.39112
0.55,0.95,2.362299,4.408097,3.385198
0.6,0.95,2.360995,4.397748,3.379371
0.65,0.95,2.359714,4.387566,3.37364
0.7,0.95,2.358456,4.377554,3.368005
0.75,0.95,2.357222,4.367712,3.362467
0.8,0.95,2.356012,4.358041,3.357026
0.85,0.95,2.354825,4.348543,3.351684
0.9,0.95,2.353662,4.339218,3.34644
0.95,0.95,2.352522,4.330068,3.341295
1.0,0.95,2.351407,4.321094,3.33625
1.05,0.95,2.350315,4.312297,3.331306
1.1,0.95,2.349246,4.303679,3.326462
1.15,0.95,2.348202,4.295239,3.32172
1.2,0.95,2.347181,4.286979,3.31708
1.25,0.95,2.346184,4.278901,3.312543
1.3,0.95,2.345212,4.271005,3.308108
1.35,0.95,2.344263,4.263293,3.303778
1.4,0.95,2.343338,4.255764,3.299551
1.45,0.95,2.342437,4.248421,3.295429
1.5,0.95,2.34156,4.241264,3.291412
1.55,0.95,2.340707,4.234295,3.287501
1.6,0.95,2.339878,4.227513,3.283696
1.65,0.95,2.339073,4.220921,3.279997
1.7,0.95,2.338292,4.214518,3.276405
1.75,0.95,2.337536,4.208306,3.272921
1.8,0.95,2.336804,4.202286,3.269545
1.85,0.95,2.336095,4.196458,3.266277
1.9,0.95,2.335412,4.190823,3.263117
1.95,0.95,2.334752,4.185383,3.260067
2.0,0.95,2.334116,4.180137,3.257127
2.05,0.95,2.333505,4.175087,3.254296
2.1,0.95,2.332918,4.170233,3.251575
2.15,0.95,2.332356,4.165576,3.248966
2.2,0.95,2.331817,4.161116,3.246467
2.25,0.95,2.331304,4.156855,3.244079
2.3,0.95,2.330814,4.152792,3.241803
2.35,0.95,2.330349,4.148929,3.239639
2.4,0.95,2.329908,4.145266,3.237587
2.45,0.95,2.329492,4.141803,3.235647
2.5,0.95,2.3291,4.138541,3.23382
2.55,0.95,2.328722,4.135398,3.23206
2.6,0.95,2.328335,4.132173,3.230254
2.65,0.95,2.327969,4.129116,3.228542
2.7,0.95,2.32762,4.126212,3.226916
2.75,0.95,2.327291,4.123461,3.225376
2.8,0.95,2.32698,4.120864,3.223922
2.85,0.95,2.326687,4.118419,3.222553
2.9,0.95,2.326394,4.115968,3.221181
2.95,0.95,2.326088,4.113412,3.21975
3.0,0.95,2.325799,4.110993,3.218396
3.05,0.95,2.325527,4.108712,3.217119
3.1,0.95,2.325271,4.106568,3.215919
3.15,0.95,2.325031,4.104563,3.214797
3.2,0.95,2.324808,4.102695,3.213752
3.25,0.95,2.324602,4.100966,3.212784
3.3,0.95,2.324412,4.099375,3.211894
3.35,0.95,2.324239,4.097923,3.211081
3.4,0.95,2.324083,4.096609,3.210346
3.45,0.95,2.323943,4.095435,3.209689
3.5,0.95,2.323819,4.0944,3.209109
3.55,0.95,2.323681,4.093234,3.208457
3.6,0.95,2.323551,4.09215,3.20785
3.65,0.95,2.323426,4.091099,3.207262
3.7,0.95,2.323313,4.090144,3.206728
3.75,0.95,2.323213,4.08931,3.206262
3.8,0.95,2.323129,4.088597,3.205863
3.85,0.95,2.323058,4.088005,3.205531
3.9,0.95,2.323002,4.087534,3.205268
3.95,0.95,2.32296,4.087184,3.205072
4.0,0.95,2.322933,4.086955,3.204944
0.0,1.0,2.378185,4.53268,3.455432
0.05,1.0,2.376671,4.520916,3.448793
0.1,1.0,2.375178,4.509302,3.44224
0.15,1.0,2.373708,4.497837,3.435773
0.2,1.0,2.37226,4.486524,3.429392
0.25,1.0,2.370835,4.475363,3.423099
0.3,1.0,2.369431,4.464356,3.416894
0.35,1.0,2.36805,4.453503,3.410777
0.4,1.0,2.366691,4.442806,3.404749
0.45,1.0,2.365355,4.432266,3.39881
0.5,1.0,2.364041,4.421883,3.392962
0.55,1.0,2.362749,4.41166,3.387205
0.6,1.0,2.36148,4.401597,3.381539
0.65,1.0,2.360233,4.391696,3.375965
0.7,1.0,2.359009,4.381957,3.370483
0.75,1.0,2.357808,4.372381,3.365094
0.8,1.0,2.356629,4.36297,3.359799
0.85,1.0,2.355472,4.353724,3.354598
0.9,1.0,2.354339,4.344646,3.349492
0.95,1.0,2.353228,4.335735,3.344481
1.0,1.0,2.35214,4.326992,3.339566
1.05,1.0,2.351074,4.31842,3.334747
1.1,1.0,2.350032,4.310018,3.330025
1.15,1.0,2.349012,4.301788,3.3254
1.2,1.0,2.348015,4.293731,3.320873
1.25,1.0,2.347042,4.285848,3.316445
1.3,1.0,2.346091,4.27814,3.312115
1.35,1.0,2.345163,4.270607,3.307885
1.4,1.0,2.344258,4.263251,3.303754
1.45,1.0,2.343375,4.256072,3.299724
1.5,1.0,2.342516,4.249072,3.295794
1.55,1.0,2.341681,4.242251,3.291966
1.6,1.0,2.340868,4.23561,3.288239
1.65,1.0,2.340078,4.229151,3.284614
1.7,1.0,2.339311,4.222873,3.281092
1.75,1.0,2.338568,4.216778,3.277673
1.8,1.0,2.337848,4.210866,3.274357
1.85,1.0,2.337151,4.205139,3.271145
1.9,1.0,2.336477,4.199596,3.268037
1.95,1.0,2.335826,4.19424,3.265033
2.0,1.0,2.335199,4.189069,3.262134
2.05,1.0,2.334595,4.184086,3.259341
2.1,1.0,2.334014,4.179291,3.256653
2.15,1.0,2.333457,4.174684,3.25407
2.2,1.0,2.332922,4.170266,3.251594
2.25,1.0,2.332412,4.166038,3.249225
2.3,1.0,2.331924,4.162001,3.246962
2.35,1.0,2.33146,4.158154,3.244807
2.4,1.0,2.33102,4.154498,3.242759
2.45,1.0,2.330602,4.151034,3.240818
2.5,1.0,2.330209,4.147763,3.238986
2.55,1.0,2.329838,4.144684,3.237261
2.6,1.0,2.329477,4.141681,3.235579
2.65,1.0,2.32911,4.138627,3.233869
2.7,1.0,2.328762,4.135731,3.232247
2.75,1.0,2.328432,4.132982,3.230707
2.8,1.0,2.32812,4.130378,3.229249
2.85,1.0,2.327825,4.127921,3.227873
2.9,1.0,2.327548,4.125611,3.22658
2.95,1.0,2.327247,4.123092,3.225169
3.0,1.0,2.326955,4.120653,3.223804
3.05,1.0,2.326678,4.118345,3.222511
3.1,1.0,2.326418,4.116168,3.221293
3.15,1.0,2.326173,4.114122,3.220147
3.2,1.0,2.325944,4.112207,3.219076
3.25,1.0,2.325731,4.110425,3.218078
3.3,1.0,2.325534,4.108774,3.217154
3.35,1.0,2.325353,4.107254,3.216303
3.4,1.0,2.325187,4.105868,3.215527
3.45,1.0,2.325037,4.104613,3.214825
3.5,1.0,2.324903,4.10349,3.214197
3.55,1.0,2.324774,4.102404,3.213589
3.6,1.0,2.324633,4.101227,3.21293
3.65,1.0,2.324507,4.100173,3.21234
3.7,1.0,2.324385,4.099143,3.211764
3.75,1.0,2.324273,4.098208,3.21124
3.8,1.0,2.324175,4.097387,3.210781
3.85,1.0,2.324091,4.096682,3.210386
3.9,1.0,2.324021,4.096091,3.210056
3.95,1.0,2.323964,4.095614,3.209789
4.0,1.0,2.323921,4.095253,3.209587
