lambda,k,peak_q,cal_all_rmse,cal_high_rmse,objective
0.0,1.0,0.5,2.378185,4.53268,3.455432
0.1,1.0,0.5,2.374906,4.507178,3.441042
0.2,1.0,0.5,2.371727,4.482354,3.427041
0.3,1.0,0.5,2.36865,4.458219,3.413435
0.4,1.0,0.5,2.365674,4.434785,3.400229
0.5,1.0,0.5,2.3628,4.412062,3.387431
0.6,1.0,0.5,2.360028,4.390062,3.375045
0.7,1.0,0.5,2.357358,4.368795,3.363076
0.8,1.0,0.5,2.354791,4.348272,3.351532
0.9,1.0,0.5,2.352328,4.328504,3.340416
1.0,1.0,0.5,2.349968,4.309501,3.329735
1.1,1.0,0.5,2.347712,4.291274,3.319493
1.2,1.0,0.5,2.34556,4.273832,3.309696
1.3,1.0,0.5,2.343512,4.257185,3.300349
1.4,1.0,0.5,2.341569,4.241342,3.291456
1.5,1.0,0.5,2.339731,4.226313,3.283022
1.6,1.0,0.5,2.337999,4.212106,3.275052
1.7,1.0,0.5,2.336371,4.198729,3.26755
1.8,1.0,0.5,2.33485,4.18619,3.26052
1.9,1.0,0.5,2.333434,4.174498,3.253966
2.0,1.0,0.5,2.332124,4.163658,3.247891
2.1,1.0,0.5,2.330921,4.153678,3.242299
2.2,1.0,0.5,2.329824,4.144564,3.237194
2.3,1.0,0.5,2.328833,4.136322,3.232578
2.4,1.0,0.5,2.327949,4.128957,3.228453
2.5,1.0,0.5,2.327112,4.121967,3.22454
2.6,1.0,0.5,2.326334,4.115467,3.220901
2.7,1.0,0.5,2.325637,4.109639,3.217638
2.8,1.0,0.5,2.325022,4.104484,3.214753
2.9,1.0,0.5,2.324399,4.099267,3.211833
3.0,1.0,0.5,2.323836,4.094539,3.209187
3.1,1.0,0.5,2.323345,4.09042,3.206883
3.2,1.0,0.5,2.322928,4.086912,3.20492
3.3,1.0,0.5,2.322584,4.084016,3.2033
3.4,1.0,0.5,2.322313,4.081735,3.202024
3.5,1.0,0.5,2.322065,4.079653,3.200859
3.6,1.0,0.5,2.321827,4.077647,3.199737
3.7,1.0,0.5,2.321653,4.076179,3.198916
3.8,1.0,0.5,2.321542,4.075248,3.198395
3.9,1.0,0.5,2.321496,4.074856,3.198176
4.0,1.0,0.5,2.321513,4.075003,3.198258
4.1,1.0,0.5,2.321589,4.075641,3.198615
4.2,1.0,0.5,2.321724,4.076783,3.199253
4.3,1.0,0.5,2.321919,4.078422,3.200171
4.4,1.0,0.5,2.322133,4.080226,3.20118
4.5,1.0,0.5,2.322373,4.082243,3.202308
4.6,1.0,0.5,2.322642,4.08451,3.203576
4.7,1.0,0.5,2.322904,4.086713,3.204809
4.8,1.0,0.5,2.323196,4.089168,3.206182
4.9,1.0,0.5,2.323537,4.092028,3.207783
5.0,1.0,0.5,2.323926,4.095293,3.209609
0.0,1.5,0.4,2.378185,4.53268,3.455432
0.1,1.5,0.4,2.374975,4.507714,3.441344
0.2,1.5,0.4,2.37184,4.483238,3.427539
0.3,1.5,0.4,2.368782,4.45926,3.414021
0.4,1.5,0.4,2.365801,4.435788,3.400795
0.5,1.5,0.4,2.362897,4.412832,3.387864
0.6,1.5,0.4,2.36007,4.390397,3.375233
0.7,1.5,0.4,2.35732,4.368493,3.362907
0.8,1.5,0.4,2.354649,4.347128,3.350888
0.9,1.5,0.4,2.352055,4.326309,3.339182
1.0,1.5,0.4,2.349539,4.306045,3.327792
1.1,1.5,0.4,2.347103,4.286343,3.316723
1.2,1.5,0.4,2.344745,4.267211,3.305978
1.3,1.5,0.4,2.342466,4.248657,3.295561
1.4,1.5,0.4,2.340266,4.230688,3.285477
1.5,1.5,0.4,2.338146,4.213313,3.275729
1.6,1.5,0.4,2.336105,4.196537,3.266321
1.7,1.5,0.4,2.334145,4.180369,3.257257
1.8,1.5,0.4,2.332264,4.164816,3.24854
1.9,1.5,0.4,2.330464,4.149884,3.240174
2.0,1.5,0.4,2.328744,4.135581,3.232162
2.1,1.5,0.4,2.327105,4.121912,3.224509
2.2,1.5,0.4,2.325547,4.108884,3.217216
2.3,1.5,0.4,2.32407,4.096504,3.210287
2.4,1.5,0.4,2.322674,4.084776,3.203725
2.5,1.5,0.4,2.321359,4.073708,3.197534
2.6,1.5,0.4,2.320126,4.063303,3.191715
2.7,1.5,0.4,2.318975,4.053568,3.186271
2.8,1.5,0.4,2.317905,4.044507,3.181206
2.9,1.5,0.4,2.316917,4.036124,3.17652
3.0,1.5,0.4,2.316011,4.028424,3.172217
3.1,1.5,0.4,2.315187,4.021411,3.168299
3.2,1.5,0.4,2.314445,4.015089,3.164767
3.3,1.5,0.4,2.313785,4.00946,3.161622
3.4,1.5,0.4,2.313207,4.004527,3.158867
3.5,1.5,0.4,2.312712,4.000294,3.156503
3.6,1.5,0.4,2.312299,3.996762,3.154531
3.7,1.5,0.4,2.311925,3.99356,3.152742
3.8,1.5,0.4,2.311552,3.990369,3.150961
3.9,1.5,0.4,2.311224,3.987551,3.149387
4.0,1.5,0.4,2.310961,3.985296,3.148128
4.1,1.5,0.4,2.310764,3.983605,3.147184
4.2,1.5,0.4,2.310632,3.982479,3.146555
4.3,1.5,0.4,2.310545,3.981731,3.146138
4.4,1.5,0.4,2.310479,3.981165,3.145822
4.5,1.5,0.4,2.310446,3.980881,3.145664
4.6,1.5,0.4,2.310434,3.980775,3.145604
4.7,1.5,0.4,2.310476,3.98114,3.145808
4.8,1.5,0.4,2.310574,3.981976,3.146275
4.9,1.5,0.4,2.310726,3.983282,3.147004
5.0,1.5,0.4,2.310915,3.984906,3.14791
0.0,2.0,0.333333,2.378185,4.53268,3.455432
0.1,2.0,0.333333,2.375026,4.508113,3.44157
0.2,2.0,0.333333,2.371936,4.483982,3.427959
0.3,2.0,0.333333,2.368914,4.460294,3.414604
0.4,2.0,0.333333,2.365962,4.437055,3.401508
0.5,2.0,0.333333,2.363079,4.414272,3.388675
0.6,2.0,0.333333,2.360266,4.391953,3.376109
0.7,2.0,0.333333,2.357522,4.370104,3.363813
0.8,2.0,0.333333,2.354849,4.348734,3.351791
0.9,2.0,0.333333,2.352246,4.327848,3.340047
1.0,2.0,0.333333,2.349714,4.307455,3.328584
1.1,2.0,0.333333,2.347253,4.28756,3.317406
1.2,2.0,0.333333,2.344863,4.268171,3.306517
1.3,2.0,0.333333,2.342544,4.249295,3.29592
1.4,2.0,0.333333,2.340296,4.230939,3.285618
1.5,2.0,0.333333,2.338121,4.213109,3.275615
1.6,2.0,0.333333,2.336017,4.195813,3.265915
1.7,2.0,0.333333,2.333986,4.179056,3.256521
1.8,2.0,0.333333,2.332026,4.162846,3.247436
1.9,2.0,0.333333,2.330139,4.147189,3.238664
2.0,2.0,0.333333,2.328325,4.132091,3.230208
2.1,2.0,0.333333,2.326584,4.117558,3.222071
2.2,2.0,0.333333,2.324916,4.103596,3.214256
2.3,2.0,0.333333,2.323321,4.090211,3.206766
2.4,2.0,0.333333,2.321799,4.077409,3.199604
2.5,2.0,0.333333,2.32035,4.065196,3.192773
2.6,2.0,0.333333,2.318976,4.053575,3.186276
2.7,2.0,0.333333,2.317675,4.042554,3.180114
2.8,2.0,0.333333,2.316447,4.032136,3.174292
2.9,2.0,0.333333,2.315294,4.022327,3.16881
3.0,2.0,0.333333,2.314215,4.01313,3.163673
3.1,2.0,0.333333,2.31321,4.00455,3.15888
3.2,2.0,0.333333,2.312279,3.996592,3.154435
3.3,2.0,0.333333,2.311423,3.989258,3.15034
3.4,2.0,0.333333,2.310641,3.982552,3.146596
3.5,2.0,0.333333,2.309933,3.976477,3.143205
3.6,2.0,0.333333,2.309301,3.971037,3.140169
3.7,2.0,0.333333,2.308707,3.965928,3.137318
3.8,2.0,0.333333,2.308143,3.96107,3.134607
3.9,2.0,0.333333,2.307643,3.956756,3.132199
4.0,2.0,0.333333,2.307206,3.952987,3.130097
4.1,2.0,0.333333,2.306833,3.949765,3.128299
4.2,2.0,0.333333,2.306524,3.947092,3.126808
4.3,2.0,0.333333,2.306278,3.944969,3.125623
4.4,2.0,0.333333,2.306096,3.943396,3.124746
4.5,2.0,0.333333,2.305975,3.942348,3.124161
4.6,2.0,0.333333,2.30591,3.941784,3.123847
4.7,2.0,0.333333,2.305901,3.94171,3.123806
4.8,2.0,0.333333,2.305949,3.942125,3.124037
4.9,2.0,0.333333,2.306054,3.943029,3.124542
5.0,2.0,0.333333,2.306215,3.944423,3.125319
0.0,2.5,0.285714,2.378185,4.53268,3.455432
0.1,2.5,0.285714,2.375024,4.508095,3.441559
0.2,2.5,0.285714,2.371934,4.483973,3.427954
0.3,2.5,0.285714,2.368918,4.460321,3.414619
0.4,2.5,0.285714,2.365973,4.437147,3.40156
0.5,2.5,0.285714,2.363102,4.414459,3.388781
0.6,2.5,0.285714,2.360305,4.392263,3.376284
0.7,2.5,0.285714,2.35758,4.370567,3.364074
0.8,2.5,0.285714,2.35493,4.349379,3.352155
0.9,2.5,0.285714,2.352353,4.328707,3.34053
1.0,2.5,0.285714,2.349851,4.308557,3.329204
1.1,2.5,0.285714,2.347423,4.288937,3.31818
1.2,2.5,0.285714,2.34507,4.269855,3.307462
1.3,2.5,0.285714,2.342792,4.251317,3.297054
1.4,2.5,0.285714,2.340589,4.233331,3.28696
1.5,2.5,0.285714,2.338461,4.215903,3.277182
1.6,2.5,0.285714,2.336409,4.199042,3.267725
1.7,2.5,0.285714,2.334433,4.182753,3.258593
1.8,2.5,0.285714,2.332533,4.167043,3.249788
1.9,2.5,0.285714,2.330709,4.151919,3.241314
2.0,2.5,0.285714,2.328961,4.137387,3.233174
2.1,2.5,0.285714,2.32729,4.123454,3.225372
2.2,2.5,0.285714,2.325696,4.110126,3.217911
2.3,2.5,0.285714,2.324178,4.097408,3.210793
2.4,2.5,0.285714,2.322737,4.085307,3.204022
2.5,2.5,0.285714,2.321374,4.073827,3.1976
2.6,2.5,0.285714,2.320087,4.062974,3.191531
2.7,2.5,0.285714,2.318879,4.052754,3.185816
2.8,2.5,0.285714,2.317747,4.04317,3.180459
2.9,2.5,0.285714,2.316693,4.034227,3.17546
3.0,2.5,0.285714,2.315717,4.025931,3.170824
3.1,2.5,0.285714,2.314819,4.018284,3.166551
3.2,2.5,0.285714,2.313999,4.01129,3.162644
3.3,2.5,0.285714,2.313226,4.004693,3.15896
3.4,2.5,0.285714,2.312473,3.998247,3.15536
3.5,2.5,0.285714,2.311783,3.992343,3.152063
3.6,2.5,0.285714,2.311157,3.986982,3.14907
3.7,2.5,0.285714,2.310596,3.982168,3.146382
3.8,2.5,0.285714,2.310099,3.977902,3.144001
3.9,2.5,0.285714,2.309667,3.974186,3.141926
4.0,2.5,0.285714,2.309292,3.970963,3.140128
4.1,2.5,0.285714,2.308972,3.968211,3.138592
4.2,2.5,0.285714,2.308707,3.965933,3.13732
4.3,2.5,0.285714,2.308498,3.964129,3.136313
4.4,2.5,0.285714,2.308344,3.9628,3.135572
4.5,2.5,0.285714,2.308245,3.961947,3.135096
4.6,2.5,0.285714,2.308174,3.961333,3.134753
4.7,2.5,0.285714,2.30814,3.961047,3.134594
4.8,2.5,0.285714,2.308157,3.961189,3.134673
4.9,2.5,0.285714,2.308223,3.96176,3.134992
5.0,2.5,0.285714,2.308339,3.96276,3.135549
0.0,3.0,0.25,2.378185,4.53268,3.455432
0.1,3.0,0.25,2.374977,4.507731,3.441354
0.2,3.0,0.25,2.371849,4.483308,3.427579
0.3,3.0,0.25,2.368803,4.459418,3.41411
0.4,3.0,0.25,2.365837,4.436071,3.400954
0.5,3.0,0.25,2.362953,4.413275,3.388114
0.6,3.0,0.25,2.360151,4.391039,3.375595
0.7,3.0,0.25,2.35743,4.36937,3.3634
0.8,3.0,0.25,2.354792,4.348279,3.351535
0.9,3.0,0.25,2.352237,4.327772,3.340004
1.0,3.0,0.25,2.349764,4.307859,3.328811
1.1,3.0,0.25,2.347375,4.288547,3.317961
1.2,3.0,0.25,2.345069,4.269846,3.307457
1.3,3.0,0.25,2.342846,4.251762,3.297304
1.4,3.0,0.25,2.340708,4.234304,3.287506
1.5,3.0,0.25,2.338653,4.21748,3.278066
1.6,3.0,0.25,2.336683,4.201296,3.26899
1.7,3.0,0.25,2.334798,4.185762,3.26028
1.8,3.0,0.25,2.332997,4.170883,3.25194
1.9,3.0,0.25,2.331281,4.156668,3.243974
2.0,3.0,0.25,2.32965,4.143122,3.236386
2.1,3.0,0.25,2.328105,4.130252,3.229179
2.2,3.0,0.25,2.326645,4.118065,3.222355
2.3,3.0,0.25,2.32527,4.106567,3.215919
2.4,3.0,0.25,2.323982,4.095764,3.209873
2.5,3.0,0.25,2.322779,4.08566,3.20422
2.6,3.0,0.25,2.321663,4.076262,3.198962
2.7,3.0,0.25,2.320632,4.067574,3.194103
2.8,3.0,0.25,2.319688,4.059601,3.189645
2.9,3.0,0.25,2.31883,4.052347,3.185589
3.0,3.0,0.25,2.318059,4.045815,3.181937
3.1,3.0,0.25,2.317283,4.039228,3.178255
3.2,3.0,0.25,2.316576,4.033228,3.174902
3.3,3.0,0.25,2.315939,4.027817,3.171878
3.4,3.0,0.25,2.315373,4.023,3.169187
3.5,3.0,0.25,2.314877,4.018778,3.166828
3.6,3.0,0.25,2.314448,4.01512,3.164784
3.7,3.0,0.25,2.314078,4.011961,3.163019
3.8,3.0,0.25,2.313767,4.009305,3.161536
3.9,3.0,0.25,2.313515,4.007154,3.160334
4.0,3.0,0.25,2.313322,4.005508,3.159415
4.1,3.0,0.25,2.313188,4.004368,3.158778
4.2,3.0,0.25,2.313084,4.003474,3.158279
4.3,3.0,0.25,2.313019,4.002922,3.157971
4.4,3.0,0.25,2.313007,4.002821,3.157914
4.5,3.0,0.25,2.313048,4.00317,3.158109
4.6,3.0,0.25,2.313142,4.003968,3.158555
4.7,3.0,0.25,2.31326,4.004975,3.159117
4.8,3.0,0.25,2.313396,4.006137,3.159766
4.9,3.0,0.25,2.31358,4.00771,3.160645
5.0,3.0,0.25,2.313812,4.009692,3.161752
0.0,3.5,0.222222,2.378185,4.53268,3.455432
0.1,3.5,0.222222,2.374905,4.507169,3.441037
0.2,3.5,0.222222,2.371715,4.482255,3.426985
0.3,3.5,0.222222,2.368615,4.457946,3.41328
0.4,3.5,0.222222,2.365607,4.434252,3.399929
0.5,3.5,0.222222,2.362689,4.411185,3.386937
0.6,3.5,0.222222,2.359863,4.388752,3.374308
0.7,3.5,0.222222,2.357129,4.366965,3.362047
0.8,3.5,0.222222,2.354487,4.345833,3.35016
0.9,3.5,0.222222,2.351938,4.325365,3.338651
1.0,3.5,0.222222,2.349481,4.305572,3.327526
1.1,3.5,0.222222,2.347117,4.286461,3.316789
1.2,3.5,0.222222,2.344847,4.268043,3.306445
1.3,3.5,0.222222,2.34267,4.250327,3.296499
1.4,3.5,0.222222,2.340588,4.233321,3.286954
1.5,3.5,0.222222,2.338599,4.217034,3.277817
1.6,3.5,0.222222,2.336705,4.201474,3.26909
1.7,3.5,0.222222,2.334905,4.18665,3.260778
1.8,3.5,0.222222,2.333201,4.172569,3.252885
1.9,3.5,0.222222,2.331591,4.159238,3.245415
2.0,3.5,0.222222,2.330077,4.146666,3.238371
2.1,3.5,0.222222,2.328657,4.134858,3.231758
2.2,3.5,0.222222,2.327334,4.123822,3.225578
2.3,3.5,0.222222,2.326106,4.113564,3.219835
2.4,3.5,0.222222,2.324975,4.104089,3.214532
2.5,3.5,0.222222,2.323939,4.095403,3.209671
2.6,3.5,0.222222,2.322999,4.087512,3.205256
2.7,3.5,0.222222,2.322156,4.080418,3.201287
2.8,3.5,0.222222,2.321409,4.074128,3.197769
2.9,3.5,0.222222,2.32068,4.067974,3.194327
3.0,3.5,0.222222,2.320012,4.062337,3.191174
3.1,3.5,0.222222,2.319422,4.057353,3.188387
3.2,3.5,0.222222,2.318911,4.053024,3.185968
3.3,3.5,0.222222,2.318476,4.049346,3.183911
3.4,3.5,0.222222,2.318108,4.046227,3.182167
3.5,3.5,0.222222,2.317805,4.043657,3.180731
3.6,3.5,0.222222,2.317567,4.041639,3.179603
3.7,3.5,0.222222,2.317394,4.040172,3.178783
3.8,3.5,0.222222,2.317286,4.039257,3.178272
3.9,3.5,0.222222,2.317218,4.03868,3.177949
4.0,3.5,0.222222,2.317188,4.038424,3.177806
4.1,3.5,0.222222,2.317215,4.038656,3.177935
4.2,3.5,0.222222,2.3173,4.039376,3.178338
4.3,3.5,0.222222,2.317442,4.040584,3.179013
4.4,3.5,0.222222,2.317615,4.042052,3.179834
4.5,3.5,0.222222,2.317806,4.043667,3.180736
4.6,3.5,0.222222,2.318049,4.045725,3.181887
4.7,3.5,0.222222,2.318344,4.048225,3.183284
4.8,3.5,0.222222,2.318691,4.051167,3.184929
4.9,3.5,0.222222,2.319091,4.05455,3.18682
5.0,3.5,0.222222,2.319498,4.057997,3.188748
0.0,4.0,0.2,2.378185,4.53268,3.455432
0.1,4.0,0.2,2.374824,4.506539,3.440682
0.2,4.0,0.2,2.371562,4.481061,3.426312
0.3,4.0,0.2,2.3684,4.456255,3.412328
0.4,4.0,0.2,2.365338,4.432134,3.398736
0.5,4.0,0.2,2.362377,4.408709,3.385543
0.6,4.0,0.2,2.359516,4.385991,3.372753
0.7,4.0,0.2,2.356756,4.36399,3.360373
0.8,4.0,0.2,2.354098,4.342718,3.348408
0.9,4.0,0.2,2.351542,4.322185,3.336864
1.0,4.0,0.2,2.349088,4.302403,3.325746
1.1,4.0,0.2,2.346737,4.283381,3.315059
1.2,4.0,0.2,2.344489,4.26513,3.304809
1.3,4.0,0.2,2.342343,4.247659,3.295001
1.4,4.0,0.2,2.340301,4.230979,3.28564
1.5,4.0,0.2,2.338363,4.215098,3.276731
1.6,4.0,0.2,2.336529,4.200026,3.268278
1.7,4.0,0.2,2.334799,4.185772,3.260285
1.8,4.0,0.2,2.333173,4.172343,3.252758
1.9,4.0,0.2,2.331652,4.159748,3.2457
2.0,4.0,0.2,2.330236,4.147994,3.239115
2.1,4.0,0.2,2.328925,4.137089,3.233007
2.2,4.0,0.2,2.32772,4.12704,3.22738
2.3,4.0,0.2,2.326619,4.117852,3.222236
2.4,4.0,0.2,2.325624,4.109531,3.217578
2.5,4.0,0.2,2.324735,4.102083,3.213409
2.6,4.0,0.2,2.323952,4.095513,3.209732
2.7,4.0,0.2,2.323265,4.089744,3.206504
2.8,4.0,0.2,2.322588,4.084049,3.203318
2.9,4.0,0.2,2.321996,4.07907,3.200533
3.0,4.0,0.2,2.32149,4.074808,3.198149
3.1,4.0,0.2,2.321069,4.07126,3.196165
3.2,4.0,0.2,2.320721,4.068327,3.194524
3.3,4.0,0.2,2.320445,4.065992,3.193218
3.4,4.0,0.2,2.320239,4.064255,3.192247
3.5,4.0,0.2,2.320104,4.063119,3.191612
3.6,4.0,0.2,2.320041,4.062583,3.191312
3.7,4.0,0.2,2.320018,4.062387,3.191202
3.8,4.0,0.2,2.32004,4.062573,3.191306
3.9,4.0,0.2,2.320124,4.063287,3.191706
4.0,4.0,0.2,2.320272,4.064529,3.1924
4.1,4.0,0.2,2.320481,4.0663,3.193391
4.2,4.0,0.2,2.320719,4.068303,3.194511
4.3,4.0,0.2,2.320982,4.070528,3.195755
4.4,4.0,0.2,2.321303,4.073232,3.197267
4.5,4.0,0.2,2.321681,4.076413,3.199047
4.6,4.0,0.2,2.322115,4.08007,3.201092
4.7,4.0,0.2,2.322569,4.083893,3.203231
4.8,4.0,0.2,2.323055,4.087982,3.205519
4.9,4.0,0.2,2.323564,4.09226,3.207912
5.0,4.0,0.2,2.3241,4.096752,3.210426
0.0,4.5,0.181818,2.378185,4.53268,3.455432
0.1,4.5,0.181818,2.374746,4.505933,3.440339
0.2,4.5,0.181818,2.371414,4.479904,3.425659
0.3,4.5,0.181818,2.36819,4.454606,3.411398
0.4,4.5,0.181818,2.365074,4.430052,3.397563
0.5,4.5,0.181818,2.362067,4.406254,3.38416
0.6,4.5,0.181818,2.359168,4.383223,3.371196
0.7,4.5,0.181818,2.356379,4.360974,3.358676
0.8,4.5,0.181818,2.353699,4.339516,3.346608
0.9,4.5,0.181818,2.35113,4.318863,3.334996
1.0,4.5,0.181818,2.34867,4.299026,3.323848
1.1,4.5,0.181818,2.346322,4.280015,3.313169
1.2,4.5,0.181818,2.344084,4.261843,3.302964
1.3,4.5,0.181818,2.341958,4.24452,3.293239
1.4,4.5,0.181818,2.339944,4.228056,3.284
1.5,4.5,0.181818,2.338042,4.212462,3.275252
1.6,4.5,0.181818,2.336252,4.197747,3.266999
1.7,4.5,0.181818,2.334575,4.18392,3.259247
1.8,4.5,0.181818,2.33301,4.17099,3.252
1.9,4.5,0.181818,2.331558,4.158966,3.245262
2.0,4.5,0.181818,2.33022,4.147856,3.239038
2.1,4.5,0.181818,2.328995,4.137667,3.233331
2.2,4.5,0.181818,2.327883,4.128405,3.228144
2.3,4.5,0.181818,2.326886,4.120077,3.223481
2.4,4.5,0.181818,2.326002,4.112689,3.219345
2.5,4.5,0.181818,2.325232,4.106245,3.215739
2.6,4.5,0.181818,2.324576,4.100751,3.212664
2.7,4.5,0.181818,2.323927,4.095305,3.209616
2.8,4.5,0.181818,2.323371,4.090631,3.207001
2.9,4.5,0.181818,2.322906,4.08673,3.204818
3.0,4.5,0.181818,2.32253,4.08356,3.203045
3.1,4.5,0.181818,2.322229,4.081028,3.201628
3.2,4.5,0.181818,2.322004,4.079137,3.200571
3.3,4.5,0.181818,2.321856,4.077889,3.199872
3.4,4.5,0.181818,2.321784,4.077284,3.199534
3.5,4.5,0.181818,2.321781,4.077262,3.199521
3.6,4.5,0.181818,2.321807,4.077478,3.199642
3.7,4.5,0.181818,2.3219,4.07826,3.20008
3.8,4.5,0.181818,2.32206,4.079607,3.200833
3.9,4.5,0.181818,2.322287,4.081518,3.201903
4.0,4.5,0.181818,2.322579,4.083979,3.203279
4.1,4.5,0.181818,2.32287,4.086422,3.204646
4.2,4.5,0.181818,2.323221,4.089376,3.206298
4.3,4.5,0.181818,2.323633,4.092839,3.208236
4.4,4.5,0.181818,2.324107,4.096811,3.210459
4.5,4.5,0.181818,2.324595,4.100908,3.212752
4.6,4.5,0.181818,2.325125,4.105348,3.215236
4.7,4.5,0.181818,2.325711,4.110252,3.217981
4.8,4.5,0.181818,2.326319,4.115344,3.220832
4.9,4.5,0.181818,2.326959,4.120694,3.223827
5.0,4.5,0.181818,2.327652,4.126474,3.227063
0.0,5.0,0.166667,2.378185,4.53268,3.455432
0.1,5.0,0.166667,2.374678,4.505405,3.440042
0.2,5.0,0.166667,2.371286,4.478895,3.42509
0.3,5.0,0.166667,2.368007,4.453162,3.410584
0.4,5.0,0.166667,2.364842,4.42822,3.396531
0.5,5.0,0.166667,2.361793,4.404082,3.382938
0.6,5.0,0.166667,2.358859,4.380763,3.369811
0.7,5.0,0.166667,2.356041,4.358274,3.357158
0.8,5.0,0.166667,2.353339,4.33663,3.344985
0.9,5.0,0.166667,2.350754,4.315842,3.333298
1.0,5.0,0.166667,2.348286,4.295923,3.322105
1.1,5.0,0.166667,2.345936,4.276885,3.311411
1.2,5.0,0.166667,2.343703,4.25874,3.301222
1.3,5.0,0.166667,2.341589,4.2415,3.291544
1.4,5.0,0.166667,2.339592,4.225175,3.282384
1.5,5.0,0.166667,2.337715,4.209776,3.273746
1.6,5.0,0.166667,2.335957,4.195314,3.265635
1.7,5.0,0.166667,2.334318,4.181798,3.258058
1.8,5.0,0.166667,2.332798,4.169237,3.251018
1.9,5.0,0.166667,2.331398,4.15764,3.244519
2.0,5.0,0.166667,2.330119,4.147015,3.238567
2.1,5.0,0.166667,2.328959,4.13737,3.233164
2.2,5.0,0.166667,2.32792,4.128711,3.228315
2.3,5.0,0.166667,2.327001,4.121044,3.224023
2.4,5.0,0.166667,2.326204,4.114376,3.22029
2.5,5.0,0.166667,2.325526,4.108711,3.217119
2.6,5.0,0.166667,2.324905,4.103508,3.214207
2.7,5.0,0.166667,2.324346,4.098815,3.21158
2.8,5.0,0.166667,2.323884,4.094942,3.209413
2.9,5.0,0.166667,2.323513,4.091829,3.207671
3.0,5.0,0.166667,2.323223,4.089388,3.206306
3.1,5.0,0.166667,2.323013,4.087625,3.205319
3.2,5.0,0.166667,2.322884,4.086539,3.204712
3.3,5.0,0.166667,2.322835,4.086132,3.204484
3.4,5.0,0.166667,2.322854,4.086287,3.20457
3.5,5.0,0.166667,2.322908,4.086746,3.204827
3.6,5.0,0.166667,2.323034,4.087801,3.205417
3.7,5.0,0.166667,2.32323,4.089451,3.206341
3.8,5.0,0.166667,2.323497,4.091695,3.207596
3.9,5.0,0.166667,2.32383,4.094488,3.209159
4.0,5.0,0.166667,2.324165,4.097305,3.210735
4.1,5.0,0.166667,2.324565,4.100659,3.212612
4.2,5.0,0.166667,2.32503,4.10455,3.21479
4.3,5.0,0.166667,2.325537,4.108802,3.21717
4.4,5.0,0.166667,2.326064,4.113213,3.219639
4.5,5.0,0.166667,2.32665,4.118112,3.222381
4.6,5.0,0.166667,2.327295,4.1235,3.225397
4.7,5.0,0.166667,2.327991,4.129301,3.228646
4.8,5.0,0.166667,2.328697,4.135189,3.231943
4.9,5.0,0.166667,2.329459,4.141527,3.235493
5.0,5.0,0.166667,2.330253,4.148133,3.239193
0.0,5.5,0.153846,2.378185,4.53268,3.455432
0.1,5.5,0.153846,2.374625,4.504987,3.439806
0.2,5.5,0.153846,2.371183,4.478092,3.424638
0.3,5.5,0.153846,2.36786,4.452011,3.409936
0.4,5.5,0.153846,2.364657,4.426757,3.395707
0.5,5.5,0.153846,2.361574,4.402344,3.381959
0.6,5.5,0.153846,2.358611,4.378787,3.368699
0.7,5.5,0.153846,2.355769,4.356099,3.355934
0.8,5.5,0.153846,2.353049,4.334295,3.343672
0.9,5.5,0.153846,2.35045,4.313387,3.331918
1.0,5.5,0.153846,2.347973,4.293389,3.320681
1.1,5.5,0.153846,2.345619,4.274313,3.309966
1.2,5.5,0.153846,2.343388,4.256172,3.29978
1.3,5.5,0.153846,2.34128,4.238977,3.290129
1.4,5.5,0.153846,2.339295,4.222741,3.281018
1.5,5.5,0.153846,2.337435,4.207475,3.272455
1.6,5.5,0.153846,2.335699,4.193189,3.264444
1.7,5.5,0.153846,2.334087,4.179892,3.256989
1.8,5.5,0.153846,2.3326,4.167595,3.250098
1.9,5.5,0.153846,2.331238,4.156307,3.243772
2.0,5.5,0.153846,2.330001,4.146035,3.238018
2.1,5.5,0.153846,2.328889,4.136788,3.232839
2.2,5.5,0.153846,2.327903,4.128572,3.228238
2.3,5.5,0.153846,2.327043,4.121393,3.224218
2.4,5.5,0.153846,2.326309,4.115257,3.220783
2.5,5.5,0.153846,2.3257,4.110166,3.217933
2.6,5.5,0.153846,2.325105,4.105185,3.215145
2.7,5.5,0.153846,2.324613,4.10106,3.212837
2.8,5.5,0.153846,2.324219,4.09775,3.210985
2.9,5.5,0.153846,2.323908,4.095143,3.209525
3.0,5.5,0.153846,2.323681,4.09324,3.20846
3.1,5.5,0.153846,2.323539,4.092041,3.20779
3.2,5.5,0.153846,2.32348,4.091549,3.207515
3.3,5.5,0.153846,2.323501,4.091728,3.207614
3.4,5.5,0.153846,2.323553,4.092159,3.207856
3.5,5.5,0.153846,2.323678,4.093209,3.208443
3.6,5.5,0.153846,2.323876,4.094877,3.209377
3.7,5.5,0.153846,2.324149,4.097163,3.210656
3.8,5.5,0.153846,2.324495,4.100066,3.21228
3.9,5.5,0.153846,2.324857,4.103102,3.213979
4.0,5.5,0.153846,2.325271,4.10657,3.215921
4.1,5.5,0.153846,2.325752,4.110596,3.218174
4.2,5.5,0.153846,2.326266,4.114899,3.220582
4.3,5.5,0.153846,2.326812,4.119461,3.223136
4.4,5.5,0.153846,2.327419,4.124531,3.225975
4.5,5.5,0.153846,2.328087,4.130106,3.229097
4.6,5.5,0.153846,2.328817,4.136185,3.232501
4.7,5.5,0.153846,2.32959,4.142621,3.236105
4.8,5.5,0.153846,2.330385,4.149226,3.239806
4.9,5.5,0.153846,2.331188,4.155893,3.24354
5.0,5.5,0.153846,2.331954,4.162248,3.247101
0.0,6.0,0.142857,2.378185,4.53268,3.455432
0.1,6.0,0.142857,2.374587,4.50469,3.439638
0.2,6.0,0.142857,2.37111,4.477522,3.424316
0.3,6.0,0.142857,2.367756,4.451192,3.409474
0.4,6.0,0.142857,2.364525,4.425715,3.39512
0.5,6.0,0.142857,2.361418,4.401105,3.381262
0.6,6.0,0.142857,2.358434,4.377378,3.367906
0.7,6.0,0.142857,2.355575,4.354547,3.355061
0.8,6.0,0.142857,2.352841,4.332626,3.342733
0.9,6.0,0.142857,2.350232,4.31163,3.330931
1.0,6.0,0.142857,2.347749,4.291572,3.31966
1.1,6.0,0.142857,2.345391,4.272466,3.308929
1.2,6.0,0.142857,2.343161,4.254324,3.298742
1.3,6.0,0.142857,2.341057,4.237158,3.289107
1.4,6.0,0.142857,2.33908,4.220981,3.280031
1.5,6.0,0.142857,2.337231,4.205803,3.271517
1.6,6.0,0.142857,2.33551,4.191637,3.263573
1.7,6.0,0.142857,2.333917,4.178491,3.256204
1.8,6.0,0.142857,2.332452,4.166376,3.249414
1.9,6.0,0.142857,2.331116,4.155301,3.243208
2.0,6.0,0.142857,2.329909,4.145273,3.237591
2.1,6.0,0.142857,2.328831,4.136302,3.232566
2.2,6.0,0.142857,2.327882,4.128392,3.228137
2.3,6.0,0.142857,2.327062,4.121552,3.224307
2.4,6.0,0.142857,2.326372,4.115785,3.221079
2.5,6.0,0.142857,2.325789,4.110911,3.21835
2.6,6.0,0.142857,2.32524,4.106312,3.215776
2.7,6.0,0.142857,2.324795,4.102587,3.213691
2.8,6.0,0.142857,2.32444,4.099608,3.212024
2.9,6.0,0.142857,2.324171,4.097353,3.210762
3.0,6.0,0.142857,2.323989,4.095821,3.209905
3.1,6.0,0.142857,2.323892,4.095013,3.209453
3.2,6.0,0.142857,2.323883,4.094931,3.209407
3.3,6.0,0.142857,2.323923,4.095267,3.209595
3.4,6.0,0.142857,2.32402,4.096087,3.210053
3.5,6.0,0.142857,2.324194,4.09754,3.210867
3.6,6.0,0.142857,2.324442,4.099628,3.212035
3.7,6.0,0.142857,2.324767,4.102349,3.213558
3.8,6.0,0.142857,2.325152,4.105572,3.215362
3.9,6.0,0.142857,2.325551,4.108915,3.217233
4.0,6.0,0.142857,2.326019,4.112831,3.219425
4.1,6.0,0.142857,2.32653,4.117108,3.221819
4.2,6.0,0.142857,2.327066,4.121585,3.224325
4.3,6.0,0.142857,2.327665,4.126582,3.227123
4.4,6.0,0.142857,2.328326,4.132097,3.230212
4.5,6.0,0.142857,2.32905,4.138129,3.23359
4.6,6.0,0.142857,2.329837,4.144675,3.237256
4.7,6.0,0.142857,2.330679,4.151667,3.241173
4.8,6.0,0.142857,2.331494,4.158437,3.244966
4.9,6.0,0.142857,2.332284,4.164984,3.248634
5.0,6.0,0.142857,2.333079,4.171565,3.252322
0.0,6.5,0.133333,2.378185,4.53268,3.455432
0.1,6.5,0.133333,2.374564,4.504515,3.439539
0.2,6.5,0.133333,2.371068,4.477187,3.424127
0.3,6.5,0.133333,2.367695,4.450712,3.409204
0.4,6.5,0.133333,2.364448,4.425105,3.394777
0.5,6.5,0.133333,2.361327,4.400381,3.380854
0.6,6.5,0.133333,2.358331,4.376556,3.367443
0.7,6.5,0.133333,2.355462,4.353643,3.354553
0.8,6.5,0.133333,2.35272,4.331658,3.342189
0.9,6.5,0.133333,2.350106,4.310615,3.33036
1.0,6.5,0.133333,2.347619,4.290527,3.319073
1.1,6.5,0.133333,2.345261,4.271408,3.308335
1.2,6.5,0.133333,2.343032,4.253271,3.298151
1.3,6.5,0.133333,2.340931,4.236129,3.28853
1.4,6.5,0.133333,2.33896,4.219993,3.279477
1.5,6.5,0.133333,2.337119,4.204876,3.270997
1.6,6.5,0.133333,2.335407,4.190788,3.263098
1.7,6.5,0.133333,2.333826,4.17774,3.255783
1.8,6.5,0.133333,2.332376,4.165742,3.249059
1.9,6.5,0.133333,2.331056,4.154802,3.242929
2.0,6.5,0.133333,2.329868,4.14493,3.237399
2.1,6.5,0.133333,2.32881,4.136132,3.232471
2.2,6.5,0.133333,2.327885,4.128415,3.22815
2.3,6.5,0.133333,2.32709,4.121786,3.224438
2.4,6.5,0.133333,2.326428,4.116251,3.221339
2.5,6.5,0.133333,2.325868,4.11157,3.218719
2.6,6.5,0.133333,2.325349,4.107223,3.216286
2.7,6.5,0.133333,2.324931,4.103721,3.214326
2.8,6.5,0.133333,2.3246,4.10095,3.212775
2.9,6.5,0.133333,2.324357,4.098914,3.211635
3.0,6.5,0.133333,2.324202,4.097612,3.210907
3.1,6.5,0.133333,2.324135,4.097047,3.210591
3.2,6.5,0.133333,2.324155,4.097213,3.210684
3.3,6.5,0.133333,2.324203,4.097623,3.210913
3.4,6.5,0.133333,2.324329,4.098678,3.211503
3.5,6.5,0.133333,2.324532,4.100376,3.212454
3.6,6.5,0.133333,2.324811,4.102717,3.213764
3.7,6.5,0.133333,2.325167,4.1057,3.215433
3.8,6.5,0.133333,2.325569,4.109069,3.217319
3.9,6.5,0.133333,2.326,4.112678,3.219339
4.0,6.5,0.133333,2.326501,4.116867,3.221684
4.1,6.5,0.133333,2.327004,4.121068,3.224036
4.2,6.5,0.133333,2.32757,4.125794,3.226682
4.3,6.5,0.133333,2.3282,4.131048,3.229624
4.4,6.5,0.133333,2.328894,4.136826,3.23286
4.5,6.5,0.133333,2.329651,4.143126,3.236389
4.6,6.5,0.133333,2.330471,4.149947,3.240209
4.7,6.5,0.133333,2.331336,4.157124,3.24423
4.8,6.5,0.133333,2.332162,4.163968,3.248065
4.9,6.5,0.133333,2.332969,4.170653,3.251811
5.0,6.5,0.133333,2.333688,4.176599,3.255144
0.0,7.0,0.125,2.378185,4.53268,3.455432
0.1,7.0,0.125,2.374557,4.504457,3.439507
0.2,7.0,0.125,2.371054,4.477077,3.424065
0.3,7.0,0.125,2.367676,4.450557,3.409116
0.4,7.0,0.125,2.364424,4.424911,3.394667
0.5,7.0,0.125,2.361298,4.400156,3.380727
0.6,7.0,0.125,2.3583,4.376305,3.367302
0.7,7.0,0.125,2.355429,4.353374,3.354402
0.8,7.0,0.125,2.352686,4.331378,3.342032
0.9,7.0,0.125,2.350071,4.310331,3.330201
1.0,7.0,0.125,2.347585,4.290247,3.318916
1.1,7.0,0.125,2.345228,4.271139,3.308183
1.2,7.0,0.125,2.343001,4.25302,3.298011
1.3,7.0,0.125,2.340904,4.235904,3.288404
1.4,7.0,0.125,2.338937,4.219802,3.27937
1.5,7.0,0.125,2.3371,4.204727,3.270914
1.6,7.0,0.125,2.335395,4.190688,3.263042
1.7,7.0,0.125,2.333821,4.177698,3.255759
1.8,7.0,0.125,2.332379,4.165764,3.249071
1.9,7.0,0.125,2.331068,4.154897,3.242983
2.0,7.0,0.125,2.329889,4.145106,3.237497
2.1,7.0,0.125,2.328842,4.136396,3.232619
2.2,7.0,0.125,2.327928,4.128777,3.228352
2.3,7.0,0.125,2.327146,4.122252,3.224699
2.4,7.0,0.125,2.326497,4.116829,3.221663
2.5,7.0,0.125,2.325959,4.112327,3.219143
2.6,7.0,0.125,2.325456,4.108125,3.216791
2.7,7.0,0.125,2.32505,4.104721,3.214886
2.8,7.0,0.125,2.324732,4.102053,3.213392
2.9,7.0,0.125,2.324502,4.100123,3.212313
3.0,7.0,0.125,2.32436,4.098934,3.211647
3.1,7.0,0.125,2.324306,4.098485,3.211396
3.2,7.0,0.125,2.324329,4.098679,3.211504
3.3,7.0,0.125,2.324391,4.099193,3.211792
3.4,7.0,0.125,2.324529,4.100354,3.212441
3.5,7.0,0.125,2.324745,4.102161,3.213453
3.6,7.0,0.125,2.325037,4.104615,3.214826
3.7,7.0,0.125,2.325407,4.107714,3.216561
3.8,7.0,0.125,2.325823,4.111197,3.21851
3.9,7.0,0.125,2.326269,4.114927,3.220598
4.0,7.0,0.125,2.326759,4.119021,3.22289
4.1,7.0,0.125,2.327274,4.12332,3.225297
4.2,7.0,0.125,2.327853,4.128151,3.228002
4.3,7.0,0.125,2.328496,4.133509,3.231002
4.4,7.0,0.125,2.329202,4.139395,3.234298
4.5,7.0,0.125,2.329973,4.145804,3.237889
4.6,7.0,0.125,2.330807,4.152736,3.241772
4.7,7.0,0.125,2.331651,4.159735,3.245693
4.8,7.0,0.125,2.33252,4.166938,3.249729
4.9,7.0,0.125,2.333291,4.17332,3.253306
5.0,7.0,0.125,2.333999,4.179171,3.256585
0.0,7.5,0.117647,2.378185,4.53268,3.455432
0.1,7.5,0.117647,2.374563,4.504507,3.439535
0.2,7.5,0.117647,2.371066,4.477177,3.424121
0.3,7.5,0.117647,2.367694,4.450704,3.409199
0.4,7.5,0.117647,2.364448,4.425105,3.394777
0.5,7.5,0.117647,2.361328,4.400395,3.380862
0.6,7.5,0.117647,2.358335,4.376589,3.367462
0.7,7.5,0.117647,2.355469,4.353701,3.354585
0.8,7.5,0.117647,2.352731,4.331746,3.342239
0.9,7.5,0.117647,2.350121,4.310739,3.33043
1.0,7.5,0.117647,2.34764,4.290693,3.319166
1.1,7.5,0.117647,2.345287,4.271622,3.308455
1.2,7.5,0.117647,2.343064,4.253539,3.298301
1.3,7.5,0.117647,2.340971,4.236456,3.288713
1.4,7.5,0.117647,2.339008,4.220386,3.279697
1.5,7.5,0.117647,2.337175,4.20534,3.271258
1.6,7.5,0.117647,2.335473,4.19133,3.263402
1.7,7.5,0.117647,2.333902,4.178366,3.256134
1.8,7.5,0.117647,2.332462,4.166457,3.24946
1.9,7.5,0.117647,2.331154,4.155613,3.243383
2.0,7.5,0.117647,2.329977,4.145842,3.23791
2.1,7.5,0.117647,2.328933,4.137151,3.233042
2.2,7.5,0.117647,2.32802,4.129548,3.228784
2.3,7.5,0.117647,2.32724,4.123038,3.225139
2.4,7.5,0.117647,2.326592,4.117627,3.22211
2.5,7.5,0.117647,2.326074,4.113291,3.219683
2.6,7.5,0.117647,2.325577,4.109135,3.217356
2.7,7.5,0.117647,2.325172,4.105747,3.21546
2.8,7.5,0.117647,2.324856,4.103094,3.213975
2.9,7.5,0.117647,2.324627,4.101179,3.212903
3.0,7.5,0.117647,2.324487,4.100001,3.212244
3.1,7.5,0.117647,2.324435,4.099563,3.211999
3.2,7.5,0.117647,2.324456,4.099738,3.212097
3.3,7.5,0.117647,2.324517,4.100252,3.212385
3.4,7.5,0.117647,2.324655,4.101412,3.213034
3.5,7.5,0.117647,2.32487,4.103216,3.214043
3.6,7.5,0.117647,2.325163,4.105664,3.215413
3.7,7.5,0.117647,2.325532,4.108754,3.217143
3.8,7.5,0.117647,2.325959,4.112329,3.219144
3.9,7.5,0.117647,2.326405,4.116059,3.221232
4.0,7.5,0.117647,2.326879,4.120023,3.223451
4.1,7.5,0.117647,2.327392,4.124306,3.225849
4.2,7.5,0.117647,2.327969,4.129116,3.228542
4.3,7.5,0.117647,2.328609,4.134453,3.231531
4.4,7.5,0.117647,2.329313,4.140315,3.234814
4.5,7.5,0.117647,2.330081,4.146699,3.23839
4.6,7.5,0.117647,2.330912,4.153603,3.242257
4.7,7.5,0.117647,2.331732,4.160408,3.24607
4.8,7.5,0.117647,2.332604,4.167629,3.250116
4.9,7.5,0.117647,2.333384,4.174085,3.253735
5.0,7.5,0.117647,2.334088,4.179901,3.256995
0.0,8.0,0.111111,2.378185,4.53268,3.455432
0.1,8.0,0.111111,2.374582,4.504655,3.439619
0.2,8.0,0.111111,2.371103,4.477466,3.424284
0.3,8.0,0.111111,2.367748,4.451126,3.409437
0.4,8.0,0.111111,2.364517,4.425652,3.395085
0.5,8.0,0.111111,2.361412,4.401059,3.381236
0.6,8.0,0.111111,2.358432,4.377361,3.367897
0.7,8.0,0.111111,2.355578,4.354573,3.355076
0.8,8.0,0.111111,2.352851,4.332709,3.34278
0.9,8.0,0.111111,2.350251,4.311784,3.331017
1.0,8.0,0.111111,2.347778,4.291811,3.319794
1.1,8.0,0.111111,2.345433,4.272803,3.309118
1.2,8.0,0.111111,2.343216,4.254773,3.298995
1.3,8.0,0.111111,2.341128,4.237735,3.289431
1.4,8.0,0.111111,2.339168,4.221699,3.280434
1.5,8.0,0.111111,2.337338,4.206678,3.272008
1.6,8.0,0.111111,2.335637,4.192682,3.264159
1.7,8.0,0.111111,2.334066,4.179721,3.256894
1.8,8.0,0.111111,2.332625,4.167806,3.250215
1.9,8.0,0.111111,2.331314,4.156944,3.244129
2.0,8.0,0.111111,2.330134,4.147146,3.23864
2.1,8.0,0.111111,2.329085,4.138417,3.233751
2.2,8.0,0.111111,2.328166,4.130765,3.229466
2.3,8.0,0.111111,2.327379,4.124196,3.225787
2.4,8.0,0.111111,2.326723,4.118715,3.222719
2.5,8.0,0.111111,2.326198,4.114326,3.220262
2.6,8.0,0.111111,2.325721,4.110336,3.218028
2.7,8.0,0.111111,2.32531,4.106899,3.216105
2.8,8.0,0.111111,2.324987,4.104191,3.214589
2.9,8.0,0.111111,2.324751,4.102213,3.213482
3.0,8.0,0.111111,2.324602,4.100965,3.212783
3.1,8.0,0.111111,2.32454,4.100449,3.212495
3.2,8.0,0.111111,2.324555,4.100572,3.212564
3.3,8.0,0.111111,2.324606,4.101002,3.212804
3.4,8.0,0.111111,2.324734,4.10207,3.213402
3.5,8.0,0.111111,2.324937,4.103776,3.214357
3.6,8.0,0.111111,2.325217,4.10612,3.215668
3.7,8.0,0.111111,2.325573,4.109099,3.217336
3.8,8.0,0.111111,2.326005,4.112713,3.219359
3.9,8.0,0.111111,2.326442,4.116373,3.221407
4.0,8.0,0.111111,2.326899,4.120193,3.223546
4.1,8.0,0.111111,2.327398,4.124359,3.225878
4.2,8.0,0.111111,2.32796,4.129047,3.228504
4.3,8.0,0.111111,2.328585,4.134257,3.231421
4.4,8.0,0.111111,2.329273,4.139985,3.234629
4.5,8.0,0.111111,2.330024,4.14623,3.238127
4.6,8.0,0.111111,2.330834,4.152954,3.241894
4.7,8.0,0.111111,2.331634,4.159597,3.245616
4.8,8.0,0.111111,2.332486,4.166655,3.249571
4.9,8.0,0.111111,2.333254,4.173012,3.253133
5.0,8.0,0.111111,2.334003,4.179198,3.2566
0.0,8.5,0.105263,2.378185,4.53268,3.455432
0.1,8.5,0.105263,2.374612,4.504891,3.439752
0.2,8.5,0.105263,2.371162,4.477924,3.424543
0.3,8.5,0.105263,2.367833,4.451794,3.409813
0.4,8.5,0.105263,2.364627,4.426515,3.395571
0.5,8.5,0.105263,2.361544,4.402103,3.381823
0.6,8.5,0.105263,2.358584,4.378572,3.368578
0.7,8.5,0.105263,2.355749,4.355936,3.355843
0.8,8.5,0.105263,2.353038,4.33421,3.343624
0.9,8.5,0.105263,2.350452,4.313406,3.331929
1.0,8.5,0.105263,2.347992,4.293538,3.320765
1.1,8.5,0.105263,2.345657,4.27462,3.310138
1.2,8.5,0.105263,2.343448,4.256664,3.300056
1.3,8.5,0.105263,2.341366,4.239682,3.290524
1.4,8.5,0.105263,2.339411,4.223687,3.281549
1.5,8.5,0.105263,2.337582,4.208688,3.273135
1.6,8.5,0.105263,2.335882,4.194698,3.26529
1.7,8.5,0.105263,2.334309,4.181725,3.258017
1.8,8.5,0.105263,2.332864,4.169781,3.251322
1.9,8.5,0.105263,2.331547,4.158872,3.24521
2.0,8.5,0.105263,2.330358,4.149009,3.239684
2.1,8.5,0.105263,2.329299,4.140197,3.234748
2.2,8.5,0.105263,2.328368,4.132444,3.230406
2.3,8.5,0.105263,2.327566,4.125756,3.226661
2.4,8.5,0.105263,2.326893,4.120138,3.223515
2.5,8.5,0.105263,2.326349,4.115594,3.220972
2.6,8.5,0.105263,2.325894,4.111786,3.21884
2.7,8.5,0.105263,2.325471,4.108248,3.216859
2.8,8.5,0.105263,2.325134,4.105426,3.21528
2.9,8.5,0.105263,2.324883,4.103322,3.214102
3.0,8.5,0.105263,2.324718,4.101936,3.213327
3.1,8.5,0.105263,2.324638,4.10127,3.212954
3.2,8.5,0.105263,2.324644,4.101315,3.21298
3.3,8.5,0.105263,2.324677,4.101592,3.213134
3.4,8.5,0.105263,2.324784,4.102496,3.21364
3.5,8.5,0.105263,2.324967,4.104027,3.214497
3.6,8.5,0.105263,2.325225,4.106185,3.215705
3.7,8.5,0.105263,2.325557,4.108968,3.217263
3.8,8.5,0.105263,2.325964,4.112376,3.21917
3.9,8.5,0.105263,2.32641,4.116106,3.221258
4.0,8.5,0.105263,2.32685,4.119776,3.223313
4.1,8.5,0.105263,2.327325,4.123744,3.225535
4.2,8.5,0.105263,2.327862,4.128226,3.228044
4.3,8.5,0.105263,2.328461,4.133221,3.230841
4.4,8.5,0.105263,2.329122,4.138726,3.233924
4.5,8.5,0.105263,2.329845,4.14474,3.237292
4.6,8.5,0.105263,2.330629,4.151259,3.240944
4.7,8.5,0.105263,2.331403,4.157676,3.244539
4.8,8.5,0.105263,2.332221,4.16446,3.248341
4.9,8.5,0.105263,2.332991,4.170834,3.251913
5.0,8.5,0.105263,2.333732,4.176963,3.255348
0.0,9.0,0.1,2.378185,4.53268,3.455432
0.1,9.0,0.1,2.374653,4.505203,3.439928
0.2,9.0,0.1,2.371239,4.478531,3.424885
0.3,9.0,0.1,2.367945,4.452677,3.410311
0.4,9.0,0.1,2.364771,4.427657,3.396214
0.5,9.0,0.1,2.361718,4.403484,3.382601
0.6,9.0,0.1,2.358785,4.380172,3.369479
0.7,9.0,0.1,2.355974,4.357736,3.356855
0.8,9.0,0.1,2.353284,4.336188,3.344736
0.9,9.0,0.1,2.350717,4.315543,3.33313
1.0,9.0,0.1,2.348273,4.295813,3.322043
1.1,9.0,0.1,2.345951,4.27701,3.311481
1.2,9.0,0.1,2.343753,4.259148,3.30145
1.3,9.0,0.1,2.341679,4.242237,3.291958
1.4,9.0,0.1,2.339729,4.22629,3.283009
1.5,9.0,0.1,2.337903,4.211317,3.27461
1.6,9.0,0.1,2.336201,4.197329,3.266765
1.7,9.0,0.1,2.334625,4.184336,3.25948
1.8,9.0,0.1,2.333174,4.172346,3.25276
1.9,9.0,0.1,2.331848,4.161369,3.246609
2.0,9.0,0.1,2.330648,4.151413,3.24103
2.1,9.0,0.1,2.329574,4.142484,3.236029
2.2,9.0,0.1,2.328625,4.134591,3.231608
2.3,9.0,0.1,2.327803,4.127737,3.22777
2.4,9.0,0.1,2.327107,4.12193,3.224519
2.5,9.0,0.1,2.326538,4.117173,3.221855
2.6,9.0,0.1,2.326094,4.113463,3.219779
2.7,9.0,0.1,2.325661,4.109838,3.21775
2.8,9.0,0.1,2.325305,4.106857,3.216081
2.9,9.0,0.1,2.325033,4.104578,3.214806
3.0,9.0,0.1,2.324845,4.103001,3.213923
3.1,9.0,0.1,2.324741,4.102128,3.213435
3.2,9.0,0.1,2.324721,4.101959,3.21334
3.3,9.0,0.1,2.324742,4.10214,3.213441
3.4,9.0,0.1,2.324823,4.102821,3.213822
3.5,9.0,0.1,2.324978,4.104116,3.214547
3.6,9.0,0.1,2.325205,4.106023,3.215614
3.7,9.0,0.1,2.325506,4.108542,3.217024
3.8,9.0,0.1,2.32588,4.111672,3.218776
3.9,9.0,0.1,2.326327,4.115411,3.220869
4.0,9.0,0.1,2.326754,4.118975,3.222864
4.1,9.0,0.1,2.327197,4.12268,3.224938
4.2,9.0,0.1,2.327701,4.126887,3.227294
4.3,9.0,0.1,2.328266,4.131597,3.229931
4.4,9.0,0.1,2.328891,4.136805,3.232848
4.5,9.0,0.1,2.329577,4.142512,3.236044
4.6,9.0,0.1,2.330323,4.148714,3.239518
4.7,9.0,0.1,2.331074,4.15495,3.243012
4.8,9.0,0.1,2.331863,4.161491,3.246677
4.9,9.0,0.1,2.332613,4.167703,3.250158
5.0,9.0,0.1,2.333355,4.173844,3.2536
0.0,9.5,0.095238,2.378185,4.53268,3.455432
0.1,9.5,0.095238,2.374701,4.505582,3.440142
0.2,9.5,0.095238,2.371333,4.479267,3.4253
0.3,9.5,0.095238,2.368081,4.45375,3.410916
0.4,9.5,0.095238,2.364947,4.429042,3.396994
0.5,9.5,0.095238,2.361929,4.40516,3.383544
0.6,9.5,0.095238,2.359029,4.382114,3.370572
0.7,9.5,0.095238,2.356247,4.35992,3.358084
0.8,9.5,0.095238,2.353584,4.33859,3.346087
0.9,9.5,0.095238,2.351039,4.318137,3.334588
1.0,9.5,0.095238,2.348614,4.298573,3.323594
1.1,9.5,0.095238,2.346309,4.279911,3.31311
1.2,9.5,0.095238,2.344124,4.262163,3.303143
1.3,9.5,0.095238,2.342059,4.245339,3.293699
1.4,9.5,0.095238,2.340115,4.229451,3.284783
1.5,9.5,0.095238,2.338292,4.21451,3.276401
1.6,9.5,0.095238,2.33659,4.200526,3.268558
1.7,9.5,0.095238,2.335009,4.187507,3.261258
1.8,9.5,0.095238,2.333551,4.175464,3.254508
1.9,9.5,0.095238,2.332214,4.164405,3.24831
2.0,9.5,0.095238,2.331,4.154337,3.242669
2.1,9.5,0.095238,2.329908,4.145268,3.237588
2.2,9.5,0.095238,2.328939,4.137204,3.233072
2.3,9.5,0.095238,2.328093,4.130152,3.229122
2.4,9.5,0.095238,2.327369,4.124116,3.225743
2.5,9.5,0.095238,2.326769,4.119101,3.222935
2.6,9.5,0.095238,2.326291,4.115111,3.220701
2.7,9.5,0.095238,2.325884,4.111705,3.218795
2.8,9.5,0.095238,2.325505,4.108531,3.217018
2.9,9.5,0.095238,2.325207,4.106038,3.215623
3.0,9.5,0.095238,2.324991,4.10423,3.21461
3.1,9.5,0.095238,2.324857,4.103105,3.213981
3.2,9.5,0.095238,2.324805,4.102665,3.213735
3.3,9.5,0.095238,2.324814,4.102744,3.213779
3.4,9.5,0.095238,2.324863,4.103157,3.21401
3.5,9.5,0.095238,2.324984,4.104167,3.214576
3.6,9.5,0.095238,2.325176,4.105773,3.215474
3.7,9.5,0.095238,2.325438,4.107974,3.216706
3.8,9.5,0.095238,2.325772,4.11077,3.218271
3.9,9.5,0.095238,2.326178,4.114159,3.220168
4.0,9.5,0.095238,2.326632,4.117955,3.222293
4.1,9.5,0.095238,2.327037,4.121345,3.224191
4.2,9.5,0.095238,2.327502,4.125226,3.226364
4.3,9.5,0.095238,2.328026,4.129594,3.22881
4.4,9.5,0.095238,2.328608,4.134449,3.231529
4.5,9.5,0.095238,2.32925,4.139789,3.234519
4.6,9.5,0.095238,2.32995,4.145611,3.237781
4.7,9.5,0.095238,2.33068,4.151683,3.241182
4.8,9.5,0.095238,2.331422,4.157836,3.244629
4.9,9.5,0.095238,2.332148,4.163859,3.248004
5.0,9.5,0.095238,2.332896,4.170048,3.251472
0.0,10.0,0.090909,2.378185,4.53268,3.455432
0.1,10.0,0.090909,2.374757,4.506018,3.440388
0.2,10.0,0.090909,2.371442,4.480116,3.425779
0.3,10.0,0.090909,2.368239,4.454985,3.411612
0.4,10.0,0.090909,2.365149,4.430639,3.397894
0.5,10.0,0.090909,2.362172,4.407091,3.384632
0.6,10.0,0.090909,2.35931,4.384354,3.371832
0.7,10.0,0.090909,2.356562,4.36244,3.359501
0.8,10.0,0.090909,2.353929,4.341362,3.347646
0.9,10.0,0.090909,2.351411,4.321133,3.336272
1.0,10.0,0.090909,2.349009,4.301763,3.325386
1.1,10.0,0.090909,2.346723,4.283266,3.314994
1.2,10.0,0.090909,2.344553,4.265651,3.305102
1.3,10.0,0.090909,2.342499,4.248931,3.295715
1.4,10.0,0.090909,2.340563,4.233116,3.286839
1.5,10.0,0.090909,2.338743,4.218215,3.278479
1.6,10.0,0.090909,2.337041,4.204239,3.27064
1.7,10.0,0.090909,2.335457,4.191197,3.263327
1.8,10.0,0.090909,2.333991,4.179097,3.256544
1.9,10.0,0.090909,2.332642,4.167949,3.250296
2.0,10.0,0.090909,2.331413,4.157759,3.244586
2.1,10.0,0.090909,2.330301,4.148534,3.239418
2.2,10.0,0.090909,2.329309,4.140282,3.234795
2.3,10.0,0.090909,2.328435,4.133007,3.230721
2.4,10.0,0.090909,2.327681,4.126715,3.227198
2.5,10.0,0.090909,2.327045,4.121411,3.224228
2.6,10.0,0.090909,2.326529,4.117098,3.221814
2.7,10.0,0.090909,2.326123,4.113703,3.219913
2.8,10.0,0.090909,2.325738,4.11048,3.218109
2.9,10.0,0.090909,2.325411,4.107748,3.216579
3.0,10.0,0.090909,2.325164,4.105677,3.21542
3.1,10.0,0.090909,2.324996,4.104268,3.214632
3.2,10.0,0.090909,2.324907,4.103522,3.214215
3.3,10.0,0.090909,2.324897,4.10344,3.214169
3.4,10.0,0.090909,2.324915,4.103594,3.214255
3.5,10.0,0.090909,2.324998,4.104283,3.214641
3.6,10.0,0.090909,2.325149,4.10555,3.21535
3.7,10.0,0.090909,2.325369,4.107394,3.216382
3.8,10.0,0.090909,2.325658,4.109814,3.217736
3.9,10.0,0.090909,2.326016,4.112808,3.219412
4.0,10.0,0.090909,2.326443,4.116376,3.221409
4.1,10.0,0.090909,2.326864,4.119895,3.223379
4.2,10.0,0.090909,2.327284,4.123407,3.225346
4.3,10.0,0.090909,2.327762,4.127393,3.227577
4.4,10.0,0.090909,2.328296,4.13185,3.230073
4.5,10.0,0.090909,2.328888,4.136778,3.232833
4.6,10.0,0.090909,2.329536,4.142174,3.235855
4.7,10.0,0.090909,2.330242,4.148037,3.239139
4.8,10.0,0.090909,2.330937,4.153816,3.242377
4.9,10.0,0.090909,2.331646,4.159697,3.245672
5.0,10.0,0.090909,2.332344,4.16548,3.248912
