scenario,arm,KRT,period,n,RMSE_kg_ha,RRMSE_pct,Bias_kg_ha
RAW_N_OFF,M0,0.0,2019,4,2070.0481274598424,18.60926510807814,1645.25
RAW_N_OFF,M0,0.0,2020,4,6700.169158312348,60.91062871193044,6617.75
RAW_N_OFF,M0,0.0,ALL8,8,4958.697712101434,44.826918692368466,4131.5
RAW_N_OFF,H0TT,0.0,2019,4,1945.3069809158656,17.48787037569044,1485.25
RAW_N_OFF,H0TT,0.0,2020,4,5995.559565211574,54.50508695646886,5925.5
RAW_N_OFF,H0TT,0.0,ALL8,8,4457.070436396535,40.29217864418587,3705.375
RAW_N_OFF,M15_13P5,0.0,2019,4,2070.4191604600264,18.61260061094529,1646.0
RAW_N_OFF,M15_13P5,0.0,2020,4,6699.925204806394,60.90841095278539,6617.25
RAW_N_OFF,M15_13P5,0.0,ALL8,8,4958.6103522055455,44.82612895377633,4131.625
RAW_N_OFF,M15_13P8,0.0,2019,4,2070.0481274598424,18.60926510807814,1645.25
RAW_N_OFF,M15_13P8,0.0,2020,4,6697.516759964099,60.886515999673634,6614.75
RAW_N_OFF,M15_13P8,0.0,ALL8,8,4956.90578889694,44.81071960130575,4130.0
RAW_N_OFF,M15_13P8_HR,1.0,2019,4,1381.0609146594513,12.415425685218125,568.75
RAW_N_OFF,M15_13P8_HR,1.0,2020,4,6190.819957808497,56.2801814346227,6101.25
RAW_N_OFF,M15_13P8_HR,1.0,ALL8,8,4485.174522802875,40.54624123670603,3335.0
RAW_N_OFF,REGIONAL,0.0,2019,4,2070.0481274598424,18.60926510807814,1645.25
RAW_N_OFF,REGIONAL,0.0,2020,4,6693.168196004041,60.84698360003674,6610.5
RAW_N_OFF,REGIONAL,0.0,ALL8,8,4953.9680938617275,44.784162665567344,4127.875
RAW_N_OFF,REGIONAL_HR,1.0,2019,4,1374.5491078895654,12.356886013166111,552.75
RAW_N_OFF,REGIONAL_HR,1.0,2020,4,6097.897773003414,55.435434300031034,6007.25
RAW_N_OFF,REGIONAL_HR,1.0,ALL8,8,4420.053308502059,39.95754163287923,3280.0
RAW_N_OFF,M15_HR_K0.25,0.25,2019,4,1863.8499134855253,16.755589738042705,1376.5
RAW_N_OFF,M15_HR_K0.25,0.25,2020,4,6603.376636236949,60.03069669306318,6519.5
RAW_N_OFF,M15_HR_K0.25,0.25,ALL8,8,4851.727501622489,43.85990170402838,3948.0
RAW_N_OFF,REG_HR_K0.25,0.25,2019,4,1860.8977672080753,16.729050609804027,1372.5
RAW_N_OFF,REG_HR_K0.25,0.25,2020,4,6597.591549194297,59.978104992675426,6513.75
RAW_N_OFF,REG_HR_K0.25,0.25,ALL8,8,4847.223677013471,43.819186864916404,3943.125
RAW_N_OFF,M15_HR_K0.5,0.5,2019,4,1675.2610244376845,15.060218221711962,1107.0
RAW_N_OFF,M15_HR_K0.5,0.5,2020,4,6509.4950264978315,59.17722751361665,6424.5
RAW_N_OFF,M15_HR_K0.5,0.5,ALL8,8,4752.895170314616,42.966451621579665,3765.75
RAW_N_OFF,REG_HR_K0.5,0.5,2019,4,1669.9854789787844,15.01279225961375,1099.0
RAW_N_OFF,REG_HR_K0.5,0.5,2020,4,6466.3162426531535,58.78469311502867,6380.75
RAW_N_OFF,REG_HR_K0.5,0.5,ALL8,8,4722.398609287446,42.69076091790447,3739.875
RAW_N_OFF,M15_HR_K0.75,0.75,2019,4,1511.3981937265903,13.587128385001373,837.5
RAW_N_OFF,M15_HR_K0.75,0.75,2020,4,6369.85612082408,57.90778291658255,6283.0
RAW_N_OFF,M15_HR_K0.75,0.75,ALL8,8,4629.2219378638565,41.848438333138425,3560.25
RAW_N_OFF,REG_HR_K0.75,0.75,2019,4,1504.883134997532,13.528559478570912,826.25
RAW_N_OFF,REG_HR_K0.75,0.75,2020,4,6361.499469464727,57.83181335877024,6274.5
RAW_N_OFF,REG_HR_K0.75,0.75,ALL8,8,4622.410018053353,41.78685817778047,3550.375
SRAD19P8_N_OFF,M0,0.0,2019,4,1305.7171401187932,11.738102169850933,-339.75
SRAD19P8_N_OFF,M0,0.0,2020,4,3691.5160503511293,33.5592368213739,3539.25
SRAD19P8_N_OFF,M0,0.0,ALL8,8,2768.7712075937225,25.02985441070092,1599.75
SRAD19P8_N_OFF,H0TT,0.0,2019,4,1280.2674525270102,11.50931522667275,-222.75
SRAD19P8_N_OFF,H0TT,0.0,2020,4,4011.1363726505238,36.464876115004756,3871.5
SRAD19P8_N_OFF,H0TT,0.0,ALL8,8,2977.2722205065497,26.914715819032036,1824.375
SRAD19P8_N_OFF,M15_13P5,0.0,2019,4,1276.939603113632,11.479398612101424,-202.75
SRAD19P8_N_OFF,M15_13P5,0.0,2020,4,3778.8510489300843,34.35319135390986,3630.25
SRAD19P8_N_OFF,M15_13P5,0.0,ALL8,8,2820.486660135091,25.497365140494637,1713.75
SRAD19P8_N_OFF,M15_13P8,0.0,2019,4,1277.0987628214193,11.480829421925334,-203.75
SRAD19P8_N_OFF,M15_13P8,0.0,2020,4,3532.678268679445,32.115256987994954,3373.25
SRAD19P8_N_OFF,M15_13P8,0.0,ALL8,8,2656.20001129433,24.012204181427922,1584.75
SRAD19P8_N_OFF,M15_13P8_HR,1.0,2019,4,1659.917844352545,14.92228649828111,-1079.75
SRAD19P8_N_OFF,M15_13P8_HR,1.0,2020,4,2835.537559264557,25.77761417513233,2634.25
SRAD19P8_N_OFF,M15_13P8_HR,1.0,ALL8,8,2323.3166486727546,21.00291902297535,777.25
SRAD19P8_N_OFF,REGIONAL,0.0,2019,4,1263.5193904329287,11.358753931299505,-83.75
SRAD19P8_N_OFF,REGIONAL,0.0,2020,4,3709.380204292895,33.7216382208445,3558.0
SRAD19P8_N_OFF,REGIONAL,0.0,ALL8,8,2770.918868353962,25.04926939017085,1737.125
SRAD19P8_N_OFF,REGIONAL_HR,1.0,2019,4,1635.454141821164,14.702363338093393,-1041.75
SRAD19P8_N_OFF,REGIONAL_HR,1.0,2020,4,2906.4605622646936,26.42236874786085,2710.5
SRAD19P8_N_OFF,REGIONAL_HR,1.0,ALL8,8,2358.20092973436,21.318274973585947,834.375
SRAD19P8_N_OFF,M15_HR_K0.25,0.25,2019,4,1329.731081835722,11.953982081903334,-422.75
SRAD19P8_N_OFF,M15_HR_K0.25,0.25,2020,4,3445.8910676340306,31.326282433036642,3282.25
SRAD19P8_N_OFF,M15_HR_K0.25,0.25,ALL8,8,2611.737927128218,23.61026432795722,1429.75
SRAD19P8_N_OFF,REG_HR_K0.25,0.25,2019,4,1301.6455930859213,11.701499881657906,-323.75
SRAD19P8_N_OFF,REG_HR_K0.25,0.25,2020,4,3619.313954328914,32.90285413026285,3464.0
SRAD19P8_N_OFF,REG_HR_K0.25,0.25,ALL8,8,2719.716414444712,24.586396198155484,1570.125
SRAD19P8_N_OFF,M15_HR_K0.5,0.5,2019,4,1414.6767298573905,12.717624271108129,-641.75
SRAD19P8_N_OFF,M15_HR_K0.5,0.5,2020,4,3338.78761678547,30.352614698049727,3169.75
SRAD19P8_N_OFF,M15_HR_K0.5,0.5,ALL8,8,2564.060549207058,23.179258030009002,1264.0
SRAD19P8_N_OFF,REG_HR_K0.5,0.5,2019,4,1380.6356325982608,12.411602495545663,-562.75
SRAD19P8_N_OFF,REG_HR_K0.5,0.5,2020,4,3463.3998108794776,31.48545282617707,3300.75
SRAD19P8_N_OFF,REG_HR_K0.5,0.5,ALL8,8,2636.4078781554267,23.833282134858933,1369.0
SRAD19P8_N_OFF,M15_HR_K0.75,0.75,2019,4,1526.5509326583244,13.723348085477689,-860.75
SRAD19P8_N_OFF,M15_HR_K0.75,0.75,2020,4,2934.45787156674,26.676889741515815,2740.5
SRAD19P8_N_OFF,M15_HR_K0.75,0.75,ALL8,8,2338.95283727569,21.1442710867343,939.875
SRAD19P8_N_OFF,REG_HR_K0.75,0.75,2019,4,1494.6152514945109,13.436253525065835,-802.75
SRAD19P8_N_OFF,REG_HR_K0.75,0.75,2020,4,3302.38198123718,30.02165437488345,3131.25
SRAD19P8_N_OFF,REG_HR_K0.75,0.75,ALL8,8,2563.1622558862714,23.17113740560503,1164.25
