simulation_id,candidate_id,source_manifest,source_path,source_experiment,source,source_class,source_pool,sampling_method,seed,observation_independent,observed_directed,observed_directed_evidence,parameterization,parameter_dim,parameter_vector_available,parameter_vector_hash,parameter_vector_hash_computed,parameter_vector_path,feature_root,qsim_path,qsim_available,qsim_period,qsim_rows,qsim_sha256,objective_available,status,physical_swat_run,validation_or_final_data_touched,development_only,validation_touched,final_test_touched,contains_locked_validation,contains_final_test,paper_contamination,usable_for_A1_A2,usable_for_A1,usable_for_A2,study_area,swat_revision,record_kind,notes
DEEPCAL100-ANCHOR-BASELINE,DEEPCAL100-ANCHOR-BASELINE,D:\SWAT+_3V3\A_SouthBranchPotomac\DEEP_CAL_SWAT\04_real_swat_runs\high_throughput_runner_v2\formal_500_handoff_corrected\manifest.json,D:\SWAT+_3V3\A_SouthBranchPotomac\DEEP_CAL_SWAT\04_real_swat_runs\high_throughput_runner_v2\formal_500_handoff_corrected\manifest.json,formal_500_handoff_corrected,fixed_anchor,unknown,unknown,fixed_anchor,,NO,YES,fixed anchor; not a sampling claim,current_14d,14,YES,e1c04be9ee65d502df833431ed25f0ea7f52eaed78da1240c6001a50b5d59e44,e1c04be9ee65d502df833431ed25f0ea7f52eaed78da1240c6001a50b5d59e44,D:\SWAT+_3V3\A_SouthBranchPotomac\DEEP_CAL_SWAT\04_real_swat_runs\standardized_smoke_100_seed_42\features\DEEPCAL100-ANCHOR-BASELINE\parameter_vector.json,D:\SWAT+_3V3\A_SouthBranchPotomac\DEEP_CAL_SWAT\04_real_swat_runs\standardized_smoke_100_seed_42\features\DEEPCAL100-ANCHOR-BASELINE,D:\SWAT+_3V3\A_SouthBranchPotomac\DEEP_CAL_SWAT\04_real_swat_runs\standardized_smoke_100_seed_42\features\DEEPCAL100-ANCHOR-BASELINE\development_q.csv,YES,2003-01-01/2016-12-31,5114,152995eae3627418f286472e91acfb222eafe2a3148028f1b449b7cda8d4c24a,YES,COMPLETE,LEGACY_STANDARDIZED,NO,YES,NO,NO,NO,NO,NO,NO,NO,NO,A_SOUTH_BRANCH_POTOMAC,62,standardized_candidate,fixed anchor retained for equivalence/reference only
DEEPCAL100-ANCHOR-B0,DEEPCAL100-ANCHOR-B0,D:\SWAT+_3V3\A_SouthBranchPotomac\DEEP_CAL_SWAT\04_real_swat_runs\high_throughput_runner_v2\formal_500_handoff_corrected\manifest.json,D:\SWAT+_3V3\A_SouthBranchPotomac\DEEP_CAL_SWAT\04_real_swat_runs\high_throughput_runner_v2\formal_500_handoff_corrected\manifest.json,formal_500_handoff_corrected,fixed_anchor,unknown,unknown,fixed_anchor,,NO,YES,fixed anchor; not a sampling claim,current_14d,14,YES,4d31840a645b06e4a497ad1ee1a1371db76926631ef581fd7242dbe941effdb9,4d31840a645b06e4a497ad1ee1a1371db76926631ef581fd7242dbe941effdb9,D:\SWAT+_3V3\A_SouthBranchPotomac\DEEP_CAL_SWAT\04_real_swat_runs\standardized_smoke_100_seed_42\features\DEEPCAL100-ANCHOR-B0\parameter_vector.json,D:\SWAT+_3V3\A_SouthBranchPotomac\DEEP_CAL_SWAT\04_real_swat_runs\standardized_smoke_100_seed_42\features\DEEPCAL100-ANCHOR-B0,D:\SWAT+_3V3\A_SouthBranchPotomac\DEEP_CAL_SWAT\04_real_swat_runs\standardized_smoke_100_seed_42\features\DEEPCAL100-ANCHOR-B0\development_q.csv,YES,2003-01-01/2016-12-31,5114,2d6f4990e9004d5e306ac21f4556ed1b04df6c7109e81cab1f7854c324f55e49,YES,COMPLETE,LEGACY_STANDARDIZED,NO,YES,NO,NO,NO,NO,NO,NO,NO,NO,A_SOUTH_BRANCH_POTOMAC,62,standardized_candidate,fixed anchor retained for equivalence/reference only
DEEPCAL100-ANCHOR-WBEST,DEEPCAL100-ANCHOR-WBEST,D:\SWAT+_3V3\A_SouthBranchPotomac\DEEP_CAL_SWAT\04_real_swat_runs\high_throughput_runner_v2\formal_500_handoff_corrected\manifest.json,D:\SWAT+_3V3\A_SouthBranchPotomac\DEEP_CAL_SWAT\04_real_swat_runs\high_throughput_runner_v2\formal_500_handoff_corrected\manifest.json,formal_500_handoff_corrected,fixed_anchor,unknown,unknown,fixed_anchor,,NO,YES,fixed anchor; not a sampling claim,current_14d,14,YES,452049c7e26d5b355ca882df81a171fed3c3bc810e9b1e06b5e51d96fdfb1739,452049c7e26d5b355ca882df81a171fed3c3bc810e9b1e06b5e51d96fdfb1739,D:\SWAT+_3V3\A_SouthBranchPotomac\DEEP_CAL_SWAT\04_real_swat_runs\standardized_smoke_100_seed_42\features\DEEPCAL100-ANCHOR-WBEST\parameter_vector.json,D:\SWAT+_3V3\A_SouthBranchPotomac\DEEP_CAL_SWAT\04_real_swat_runs\standardized_smoke_100_seed_42\features\DEEPCAL100-ANCHOR-WBEST,D:\SWAT+_3V3\A_SouthBranchPotomac\DEEP_CAL_SWAT\04_real_swat_runs\standardized_smoke_100_seed_42\features\DEEPCAL100-ANCHOR-WBEST\development_q.csv,YES,2003-01-01/2016-12-31,5114,1c099c897c316d512dc26e8e0d8332544336a6365a246debbba44dd4e3d16154,YES,COMPLETE,LEGACY_STANDARDIZED,NO,YES,NO,NO,NO,NO,NO,NO,NO,NO,A_SOUTH_BRANCH_POTOMAC,62,standardized_candidate,fixed anchor retained for equivalence/reference only
archive-index:000001:engine_final3,engine_final3,D:\SWAT+_3V3\A_SouthBranchPotomac\DEEP_CAL_SWAT\04_real_swat_runs\EXISTING_REAL_SWAT_ASSET_INDEX.csv,D:\SWAT+_3V3\A_SouthBranchPotomac\13_baseline_run\engine_final3\TxtInOut,Baseline Real-SWAT,Baseline Real-SWAT,unknown,unknown,unknown_legacy_archive,,NO,NO,archive source=Baseline Real-SWAT,heterogeneous_archive_unknown_dim,0,NO,,,,D:\SWAT+_3V3\A_SouthBranchPotomac\13_baseline_run\engine_final3\TxtInOut,,YES,development_only_claimed_by_archive_audit,0,,YES,COMPLETE,YES,NO,YES,NO,NO,NO,NO,NO,NO,NO,NO,A_SOUTH_BRANCH_POTOMAC,62,historical_archive_index,not proven broad and not admitted to A1/A2
archive-index:000002:04_corrected_baseline_run,04_corrected_baseline_run,D:\SWAT+_3V3\A_SouthBranchPotomac\DEEP_CAL_SWAT\04_real_swat_runs\EXISTING_REAL_SWAT_ASSET_INDEX.csv,D:\SWAT+_3V3\A_SouthBranchPotomac\15_corrected_01605500\04_corrected_baseline_run\TxtInOut,Baseline Real-SWAT,Baseline Real-SWAT,unknown,unknown,unknown_legacy_archive,,NO,NO,archive source=Baseline Real-SWAT,heterogeneous_archive_unknown_dim,0,NO,,,,D:\SWAT+_3V3\A_SouthBranchPotomac\15_corrected_01605500\04_corrected_baseline_run\TxtInOut,,YES,development_only_claimed_by_archive_audit,0,,YES,COMPLETE,YES,NO,YES,NO,NO,NO,NO,NO,NO,NO,NO,A_SOUTH_BRANCH_POTOMAC,62,historical_archive_index,not proven broad and not admitted to A1/A2
archive-index:000003:02_TxtInOut,02_TxtInOut,D:\SWAT+_3V3\A_SouthBranchPotomac\DEEP_CAL_SWAT\04_real_swat_runs\EXISTING_REAL_SWAT_ASSET_INDEX.csv,D:\SWAT+_3V3\A_SouthBranchPotomac\16_aquifer_architecture\03_preserved_weather_baseline\02_TxtInOut,Other A-basin Real-SWAT asset,Other A-basin Real-SWAT asset,unknown,unknown,unknown_legacy_archive,,NO,NO,archive source=Other A-basin Real-SWAT asset,heterogeneous_archive_unknown_dim,0,NO,,,,D:\SWAT+_3V3\A_SouthBranchPotomac\16_aquifer_architecture\03_preserved_weather_baseline\02_TxtInOut,,YES,development_only_claimed_by_archive_audit,0,,YES,COMPLETE,YES,NO,YES,NO,NO,NO,NO,NO,NO,NO,NO,A_SOUTH_BRANCH_POTOMAC,62,historical_archive_index,unclassified archive record
archive-index:000018:final1_reference_champion,final1_reference_champion,D:\SWAT+_3V3\A_SouthBranchPotomac\DEEP_CAL_SWAT\04_real_swat_runs\EXISTING_REAL_SWAT_ASSET_INDEX.csv,D:\SWAT+_3V3\A_SouthBranchPotomac\canonical_weather_baseline\final1_reference_champion\TxtInOut,Canonical baseline,Canonical baseline,unknown,unknown,unknown_legacy_archive,,NO,NO,archive source=Canonical baseline,heterogeneous_archive_unknown_dim,0,NO,f838baf0eb27fd45395e6504865bfb1535e07e5876bb9beb632b5d6ed676d1eb,,,D:\SWAT+_3V3\A_SouthBranchPotomac\canonical_weather_baseline\final1_reference_champion\TxtInOut,,YES,development_only_claimed_by_archive_audit,0,,YES,COMPLETE,YES,NO,YES,NO,NO,NO,NO,NO,NO,NO,NO,A_SOUTH_BRANCH_POTOMAC,62,historical_archive_index,not proven broad and not admitted to A1/A2
archive-index:000019:final1_reproduction_attempt_failed,final1_reproduction_attempt_failed,D:\SWAT+_3V3\A_SouthBranchPotomac\DEEP_CAL_SWAT\04_real_swat_runs\EXISTING_REAL_SWAT_ASSET_INDEX.csv,D:\SWAT+_3V3\A_SouthBranchPotomac\canonical_weather_baseline\final1_reproduction_attempt_failed\TxtInOut,Canonical baseline,Canonical baseline,unknown,unknown,unknown_legacy_archive,,NO,NO,archive source=Canonical baseline,heterogeneous_archive_unknown_dim,0,NO,f838baf0eb27fd45395e6504865bfb1535e07e5876bb9beb632b5d6ed676d1eb,,,D:\SWAT+_3V3\A_SouthBranchPotomac\canonical_weather_baseline\final1_reproduction_attempt_failed\TxtInOut,,YES,development_only_claimed_by_archive_audit,0,,YES,COMPLETE,YES,NO,YES,NO,NO,NO,NO,YES,NO,NO,NO,A_SOUTH_BRANCH_POTOMAC,62,historical_archive_index,not proven broad and not admitted to A1/A2
archive-index:000020:canonical_weather_baseline,canonical_weather_baseline,D:\SWAT+_3V3\A_SouthBranchPotomac\DEEP_CAL_SWAT\04_real_swat_runs\EXISTING_REAL_SWAT_ASSET_INDEX.csv,D:\SWAT+_3V3\A_SouthBranchPotomac\canonical_weather_baseline\TxtInOut,Canonical baseline,Canonical baseline,unknown,unknown,unknown_legacy_archive,,NO,NO,archive source=Canonical baseline,heterogeneous_archive_unknown_dim,0,NO,,,,D:\SWAT+_3V3\A_SouthBranchPotomac\canonical_weather_baseline\TxtInOut,,YES,development_only_claimed_by_archive_audit,0,,YES,COMPLETE,YES,NO,YES,NO,NO,NO,NO,NO,NO,NO,NO,A_SOUTH_BRANCH_POTOMAC,62,historical_archive_index,not proven broad and not admitted to A1/A2
archive-index:000021:SMOKE_MULTI_1,SMOKE_MULTI_1,D:\SWAT+_3V3\A_SouthBranchPotomac\DEEP_CAL_SWAT\04_real_swat_runs\EXISTING_REAL_SWAT_ASSET_INDEX.csv,D:\SWAT+_3V3\A_SouthBranchPotomac\HYDROC_HIRR_V3\_smoke\real_multi_worker\SMOKE_MULTI_1\TxtInOut,HydroC HIRR sensitivity / reachability,HydroC HIRR sensitivity / reachability,unknown,unknown,unknown_legacy_archive,,NO,NO,archive source=HydroC HIRR sensitivity / reachability,heterogeneous_archive_unknown_dim,14,YES,dbee56ad4fb43921247641b7275d2fcbf40e8e2a206ff2226299ed5d9976a250,,,D:\SWAT+_3V3\A_SouthBranchPotomac\HYDROC_HIRR_V3\_smoke\real_multi_worker\SMOKE_MULTI_1\TxtInOut,,YES,development_only_claimed_by_archive_audit,0,,YES,COMPLETE,YES,NO,YES,NO,NO,NO,NO,NO,NO,NO,NO,A_SOUTH_BRANCH_POTOMAC,62,historical_archive_index,not proven broad and not admitted to A1/A2
archive-index:000022:SMOKE_MULTI_2,SMOKE_MULTI_2,D:\SWAT+_3V3\A_SouthBranchPotomac\DEEP_CAL_SWAT\04_real_swat_runs\EXISTING_REAL_SWAT_ASSET_INDEX.csv,D:\SWAT+_3V3\A_SouthBranchPotomac\HYDROC_HIRR_V3\_smoke\real_multi_worker\SMOKE_MULTI_2\TxtInOut,HydroC HIRR sensitivity / reachability,HydroC HIRR sensitivity / reachability,unknown,unknown,unknown_legacy_archive,,NO,NO,archive source=HydroC HIRR sensitivity / reachability,heterogeneous_archive_unknown_dim,14,YES,dbee56ad4fb43921247641b7275d2fcbf40e8e2a206ff2226299ed5d9976a250,,,D:\SWAT+_3V3\A_SouthBranchPotomac\HYDROC_HIRR_V3\_smoke\real_multi_worker\SMOKE_MULTI_2\TxtInOut,,YES,development_only_claimed_by_archive_audit,0,,YES,COMPLETE,YES,NO,YES,NO,NO,NO,NO,NO,NO,NO,NO,A_SOUTH_BRANCH_POTOMAC,62,historical_archive_index,not proven broad and not admitted to A1/A2
archive-index:000023:swat_single_run,swat_single_run,D:\SWAT+_3V3\A_SouthBranchPotomac\DEEP_CAL_SWAT\04_real_swat_runs\EXISTING_REAL_SWAT_ASSET_INDEX.csv,D:\SWAT+_3V3\A_SouthBranchPotomac\HYDROC_HIRR_V3\_smoke\swat_single_run\TxtInOut,HydroC HIRR sensitivity / reachability,HydroC HIRR sensitivity / reachability,unknown,unknown,unknown_legacy_archive,,NO,NO,archive source=HydroC HIRR sensitivity / reachability,heterogeneous_archive_unknown_dim,14,YES,dbee56ad4fb43921247641b7275d2fcbf40e8e2a206ff2226299ed5d9976a250,,,D:\SWAT+_3V3\A_SouthBranchPotomac\HYDROC_HIRR_V3\_smoke\swat_single_run\TxtInOut,,YES,development_only_claimed_by_archive_audit,0,,YES,COMPLETE,YES,NO,YES,NO,NO,NO,NO,NO,NO,NO,NO,A_SOUTH_BRANCH_POTOMAC,62,historical_archive_index,not proven broad and not admitted to A1/A2
archive-index:000024:SENSITIVITY_JOINT_00081,SENSITIVITY_JOINT_00081,D:\SWAT+_3V3\A_SouthBranchPotomac\DEEP_CAL_SWAT\04_real_swat_runs\EXISTING_REAL_SWAT_ASSET_INDEX.csv,D:\SWAT+_3V3\A_SouthBranchPotomac\HYDROC_HIRR_V3\checkpoints\candidates\SENSITIVITY_JOINT_00081\TxtInOut,HydroC HIRR sensitivity / reachability,HydroC HIRR sensitivity / reachability,unknown,unknown,unknown_legacy_archive,,NO,NO,archive source=HydroC HIRR sensitivity / reachability,heterogeneous_archive_unknown_dim,14,YES,69892d4ca24e94efc9e071e254f0ca6d018479e0f4714b22334ed54c47588587,,,D:\SWAT+_3V3\A_SouthBranchPotomac\HYDROC_HIRR_V3\checkpoints\candidates\SENSITIVITY_JOINT_00081\TxtInOut,,YES,development_only_claimed_by_archive_audit,0,,NO,UNKNOWN,YES,NO,YES,NO,NO,NO,NO,NO,NO,NO,NO,A_SOUTH_BRANCH_POTOMAC,62,historical_archive_index,not proven broad and not admitted to A1/A2
archive-index:000025:SENSITIVITY_JOINT_00082,SENSITIVITY_JOINT_00082,D:\SWAT+_3V3\A_SouthBranchPotomac\DEEP_CAL_SWAT\04_real_swat_runs\EXISTING_REAL_SWAT_ASSET_INDEX.csv,D:\SWAT+_3V3\A_SouthBranchPotomac\HYDROC_HIRR_V3\checkpoints\candidates\SENSITIVITY_JOINT_00082\TxtInOut,HydroC HIRR sensitivity / reachability,HydroC HIRR sensitivity / reachability,unknown,unknown,unknown_legacy_archive,,NO,NO,archive source=HydroC HIRR sensitivity / reachability,heterogeneous_archive_unknown_dim,14,YES,bec6b6d87615c35e4cc19a2e519105935f9dd8c8ca4534cb64a84cc9bfe39220,,,D:\SWAT+_3V3\A_SouthBranchPotomac\HYDROC_HIRR_V3\checkpoints\candidates\SENSITIVITY_JOINT_00082\TxtInOut,,YES,development_only_claimed_by_archive_audit,0,,NO,UNKNOWN,YES,NO,YES,NO,NO,NO,NO,NO,NO,NO,NO,A_SOUTH_BRANCH_POTOMAC,62,historical_archive_index,not proven broad and not admitted to A1/A2
archive-index:000026:SENSITIVITY_JOINT_00083,SENSITIVITY_JOINT_00083,D:\SWAT+_3V3\A_SouthBranchPotomac\DEEP_CAL_SWAT\04_real_swat_runs\EXISTING_REAL_SWAT_ASSET_INDEX.csv,D:\SWAT+_3V3\A_SouthBranchPotomac\HYDROC_HIRR_V3\checkpoints\candidates\SENSITIVITY_JOINT_00083\TxtInOut,HydroC HIRR sensitivity / reachability,HydroC HIRR sensitivity / reachability,unknown,unknown,unknown_legacy_archive,,NO,NO,archive source=HydroC HIRR sensitivity / reachability,heterogeneous_archive_unknown_dim,14,YES,084a5433c68103a404c4394efab2fc4d22420885d5741a7c0e4544026037df89,,,D:\SWAT+_3V3\A_SouthBranchPotomac\HYDROC_HIRR_V3\checkpoints\candidates\SENSITIVITY_JOINT_00083\TxtInOut,,YES,development_only_claimed_by_archive_audit,0,,NO,UNKNOWN,YES,NO,YES,NO,NO,NO,NO,NO,NO,NO,NO,A_SOUTH_BRANCH_POTOMAC,62,historical_archive_index,not proven broad and not admitted to A1/A2
archive-index:000027:SENSITIVITY_JOINT_00084,SENSITIVITY_JOINT_00084,D:\SWAT+_3V3\A_SouthBranchPotomac\DEEP_CAL_SWAT\04_real_swat_runs\EXISTING_REAL_SWAT_ASSET_INDEX.csv,D:\SWAT+_3V3\A_SouthBranchPotomac\HYDROC_HIRR_V3\checkpoints\candidates\SENSITIVITY_JOINT_00084\TxtInOut,HydroC HIRR sensitivity / reachability,HydroC HIRR sensitivity / reachability,unknown,unknown,unknown_legacy_archive,,NO,NO,archive source=HydroC HIRR sensitivity / reachability,heterogeneous_archive_unknown_dim,14,YES,c89a300f02034835488e49887fc4e6d117b08f73c14474b9bfb2661475d6c000,,,D:\SWAT+_3V3\A_SouthBranchPotomac\HYDROC_HIRR_V3\checkpoints\candidates\SENSITIVITY_JOINT_00084\TxtInOut,,YES,development_only_claimed_by_archive_audit,0,,NO,UNKNOWN,YES,NO,YES,NO,NO,NO,NO,NO,NO,NO,NO,A_SOUTH_BRANCH_POTOMAC,62,historical_archive_index,not proven broad and not admitted to A1/A2
archive-index:000028:SENSITIVITY_JOINT_00085,SENSITIVITY_JOINT_00085,D:\SWAT+_3V3\A_SouthBranchPotomac\DEEP_CAL_SWAT\04_real_swat_runs\EXISTING_REAL_SWAT_ASSET_INDEX.csv,D:\SWAT+_3V3\A_SouthBranchPotomac\HYDROC_HIRR_V3\checkpoints\candidates\SENSITIVITY_JOINT_00085\TxtInOut,HydroC HIRR sensitivity / reachability,HydroC HIRR sensitivity / reachability,unknown,unknown,unknown_legacy_archive,,NO,NO,archive source=HydroC HIRR sensitivity / reachability,heterogeneous_archive_unknown_dim,14,YES,74d043a0498fc47902db711885c22651814e78123eae2fae91ae630fb524da52,,,D:\SWAT+_3V3\A_SouthBranchPotomac\HYDROC_HIRR_V3\checkpoints\candidates\SENSITIVITY_JOINT_00085\TxtInOut,,YES,development_only_claimed_by_archive_audit,0,,NO,UNKNOWN,YES,NO,YES,NO,NO,NO,NO,NO,NO,NO,NO,A_SOUTH_BRANCH_POTOMAC,62,historical_archive_index,not proven broad and not admitted to A1/A2
archive-index:000029:SENSITIVITY_JOINT_00086,SENSITIVITY_JOINT_00086,D:\SWAT+_3V3\A_SouthBranchPotomac\DEEP_CAL_SWAT\04_real_swat_runs\EXISTING_REAL_SWAT_ASSET_INDEX.csv,D:\SWAT+_3V3\A_SouthBranchPotomac\HYDROC_HIRR_V3\checkpoints\candidates\SENSITIVITY_JOINT_00086\TxtInOut,HydroC HIRR sensitivity / reachability,HydroC HIRR sensitivity / reachability,unknown,unknown,unknown_legacy_archive,,NO,NO,archive source=HydroC HIRR sensitivity / reachability,heterogeneous_archive_unknown_dim,14,YES,0c062c27768e645c1ac4822482f135fa099283a93daa650326ff39e913aed13b,,,D:\SWAT+_3V3\A_SouthBranchPotomac\HYDROC_HIRR_V3\checkpoints\candidates\SENSITIVITY_JOINT_00086\TxtInOut,,YES,development_only_claimed_by_archive_audit,0,,NO,UNKNOWN,YES,NO,YES,NO,NO,NO,NO,NO,NO,NO,NO,A_SOUTH_BRANCH_POTOMAC,62,historical_archive_index,not proven broad and not admitted to A1/A2
archive-index:000030:SENSITIVITY_JOINT_00087,SENSITIVITY_JOINT_00087,D:\SWAT+_3V3\A_SouthBranchPotomac\DEEP_CAL_SWAT\04_real_swat_runs\EXISTING_REAL_SWAT_ASSET_INDEX.csv,D:\SWAT+_3V3\A_SouthBranchPotomac\HYDROC_HIRR_V3\checkpoints\candidates\SENSITIVITY_JOINT_00087\TxtInOut,HydroC HIRR sensitivity / reachability,HydroC HIRR sensitivity / reachability,unknown,unknown,unknown_legacy_archive,,NO,NO,archive source=HydroC HIRR sensitivity / reachability,heterogeneous_archive_unknown_dim,14,YES,957d3043f897ee5c76d16deab6b26e57b1adccca07025b30e2e62d920b877fd3,,,D:\SWAT+_3V3\A_SouthBranchPotomac\HYDROC_HIRR_V3\checkpoints\candidates\SENSITIVITY_JOINT_00087\TxtInOut,,YES,development_only_claimed_by_archive_audit,0,,NO,UNKNOWN,YES,NO,YES,NO,NO,NO,NO,NO,NO,NO,NO,A_SOUTH_BRANCH_POTOMAC,62,historical_archive_index,not proven broad and not admitted to A1/A2
archive-index:000031:SENSITIVITY_JOINT_00088,SENSITIVITY_JOINT_00088,D:\SWAT+_3V3\A_SouthBranchPotomac\DEEP_CAL_SWAT\04_real_swat_runs\EXISTING_REAL_SWAT_ASSET_INDEX.csv,D:\SWAT+_3V3\A_SouthBranchPotomac\HYDROC_HIRR_V3\checkpoints\candidates\SENSITIVITY_JOINT_00088\TxtInOut,HydroC HIRR sensitivity / reachability,HydroC HIRR sensitivity / reachability,unknown,unknown,unknown_legacy_archive,,NO,NO,archive source=HydroC HIRR sensitivity / reachability,heterogeneous_archive_unknown_dim,14,YES,4102ad938bff412d253236e2ea2f6f744acad6ba1796935eb74ab978b5f430fa,,,D:\SWAT+_3V3\A_SouthBranchPotomac\HYDROC_HIRR_V3\checkpoints\candidates\SENSITIVITY_JOINT_00088\TxtInOut,,YES,development_only_claimed_by_archive_audit,0,,NO,UNKNOWN,YES,NO,YES,NO,NO,NO,NO,NO,NO,NO,NO,A_SOUTH_BRANCH_POTOMAC,62,historical_archive_index,not proven broad and not admitted to A1/A2
archive-index:000032:V2_PROCESS_EXTRACTION_COPY,V2_PROCESS_EXTRACTION_COPY,D:\SWAT+_3V3\A_SouthBranchPotomac\DEEP_CAL_SWAT\04_real_swat_runs\EXISTING_REAL_SWAT_ASSET_INDEX.csv,D:\SWAT+_3V3\A_SouthBranchPotomac\HYDROC_PRR_V2\V2_PROCESS_EXTRACTION_COPY\TxtInOut,HydroC PRR process extraction,HydroC PRR process extraction,unknown,unknown,unknown_legacy_archive,,NO,NO,archive source=HydroC PRR process extraction,heterogeneous_archive_unknown_dim,14,YES,dbee56ad4fb43921247641b7275d2fcbf40e8e2a206ff2226299ed5d9976a250,,,D:\SWAT+_3V3\A_SouthBranchPotomac\HYDROC_PRR_V2\V2_PROCESS_EXTRACTION_COPY\TxtInOut,,YES,development_only_claimed_by_archive_audit,0,,YES,COMPLETE,YES,NO,YES,NO,NO,NO,NO,NO,NO,NO,NO,A_SOUTH_BRANCH_POTOMAC,62,historical_archive_index,unclassified archive record
archive-index:000059:qa,qa,D:\SWAT+_3V3\A_SouthBranchPotomac\DEEP_CAL_SWAT\04_real_swat_runs\EXISTING_REAL_SWAT_ASSET_INDEX.csv,D:\SWAT+_3V3\A_SouthBranchPotomac\SC_MVP_COUPLING\trust_region\candidates\PILOT_004\qa,SWAT/MVP baseline or audit,SWAT/MVP baseline or audit,unknown,unknown,unknown_legacy_archive,,NO,NO,archive source=SWAT/MVP baseline or audit,heterogeneous_archive_unknown_dim,0,NO,,,,D:\SWAT+_3V3\A_SouthBranchPotomac\SC_MVP_COUPLING\trust_region\candidates\PILOT_004\qa,,NO,development_only_claimed_by_archive_audit,0,,NO,UNKNOWN,YES,NO,YES,NO,NO,NO,NO,NO,NO,NO,NO,A_SOUTH_BRANCH_POTOMAC,62,historical_archive_index,not proven broad and not admitted to A1/A2
archive-index:000060:smoke_01_local_runoff,smoke_01_local_runoff,D:\SWAT+_3V3\A_SouthBranchPotomac\DEEP_CAL_SWAT\04_real_swat_runs\EXISTING_REAL_SWAT_ASSET_INDEX.csv,D:\SWAT+_3V3\A_SouthBranchPotomac\SC_MVP_INTERFACE_SMOKE_FINAL\smoke_01_local_runoff\TxtInOut,SWAT/MVP baseline or audit,SWAT/MVP baseline or audit,unknown,unknown,unknown_legacy_archive,,NO,NO,archive source=SWAT/MVP baseline or audit,heterogeneous_archive_unknown_dim,14,YES,dbee56ad4fb43921247641b7275d2fcbf40e8e2a206ff2226299ed5d9976a250,,,D:\SWAT+_3V3\A_SouthBranchPotomac\SC_MVP_INTERFACE_SMOKE_FINAL\smoke_01_local_runoff\TxtInOut,,YES,development_only_claimed_by_archive_audit,0,,YES,COMPLETE,YES,NO,YES,NO,NO,NO,NO,NO,NO,NO,NO,A_SOUTH_BRANCH_POTOMAC,62,historical_archive_index,not proven broad and not admitted to A1/A2
archive-index:000061:smoke_02_awc,smoke_02_awc,D:\SWAT+_3V3\A_SouthBranchPotomac\DEEP_CAL_SWAT\04_real_swat_runs\EXISTING_REAL_SWAT_ASSET_INDEX.csv,D:\SWAT+_3V3\A_SouthBranchPotomac\SC_MVP_INTERFACE_SMOKE_FINAL\smoke_02_awc\TxtInOut,SWAT/MVP baseline or audit,SWAT/MVP baseline or audit,unknown,unknown,unknown_legacy_archive,,NO,NO,archive source=SWAT/MVP baseline or audit,heterogeneous_archive_unknown_dim,14,YES,8bb323e47d8809d37d363ef8b5517ab9549490ce8fb88529f1693274b183d376,,,D:\SWAT+_3V3\A_SouthBranchPotomac\SC_MVP_INTERFACE_SMOKE_FINAL\smoke_02_awc\TxtInOut,,YES,development_only_claimed_by_archive_audit,0,,YES,COMPLETE,YES,NO,YES,NO,NO,NO,NO,NO,NO,NO,NO,A_SOUTH_BRANCH_POTOMAC,62,historical_archive_index,not proven broad and not admitted to A1/A2
archive-index:000062:smoke_03_perco,smoke_03_perco,D:\SWAT+_3V3\A_SouthBranchPotomac\DEEP_CAL_SWAT\04_real_swat_runs\EXISTING_REAL_SWAT_ASSET_INDEX.csv,D:\SWAT+_3V3\A_SouthBranchPotomac\SC_MVP_INTERFACE_SMOKE_FINAL\smoke_03_perco\TxtInOut,SWAT/MVP baseline or audit,SWAT/MVP baseline or audit,unknown,unknown,unknown_legacy_archive,,NO,NO,archive source=SWAT/MVP baseline or audit,heterogeneous_archive_unknown_dim,14,YES,8cf2b2f967bc39d244850472d467c54c1c8c566a75fd5a6abdd13bc9c5872d57,,,D:\SWAT+_3V3\A_SouthBranchPotomac\SC_MVP_INTERFACE_SMOKE_FINAL\smoke_03_perco\TxtInOut,,YES,development_only_claimed_by_archive_audit,0,,YES,COMPLETE,YES,NO,YES,NO,NO,NO,NO,NO,NO,NO,NO,A_SOUTH_BRANCH_POTOMAC,62,historical_archive_index,not proven broad and not admitted to A1/A2
archive-index:000063:model,model,D:\SWAT+_3V3\A_SouthBranchPotomac\DEEP_CAL_SWAT\04_real_swat_runs\EXISTING_REAL_SWAT_ASSET_INDEX.csv,D:\SWAT+_3V3\A_SouthBranchPotomac\SC_V3A_SIGNATURE_PARAMETER_LEARNING\phase_d_smoke\smoke_05_latq_co_010\model\TxtInOut,V3A signature parameter learning,V3A signature parameter learning,unknown,unknown,unknown_legacy_archive,,NO,NO,archive source=V3A signature parameter learning,heterogeneous_archive_unknown_dim,14,YES,f11b36748d5c35c153beef1f0a5b4e8274745643ee7c75beec917ec5308bb49c,,,D:\SWAT+_3V3\A_SouthBranchPotomac\SC_V3A_SIGNATURE_PARAMETER_LEARNING\phase_d_smoke\smoke_05_latq_co_010\model\TxtInOut,,YES,development_only_claimed_by_archive_audit,0,,YES,COMPLETE,YES,NO,YES,NO,NO,NO,NO,NO,NO,NO,NO,A_SOUTH_BRANCH_POTOMAC,62,historical_archive_index,unclassified archive record
archive-index:000064:SWAT_FINAL_FROZEN,SWAT_FINAL_FROZEN,D:\SWAT+_3V3\A_SouthBranchPotomac\DEEP_CAL_SWAT\04_real_swat_runs\EXISTING_REAL_SWAT_ASSET_INDEX.csv,D:\SWAT+_3V3\A_SouthBranchPotomac\SWAT_FINAL_FROZEN\TxtInOut,SWAT/MVP baseline or audit,SWAT/MVP baseline or audit,unknown,unknown,unknown_legacy_archive,,NO,NO,archive source=SWAT/MVP baseline or audit,heterogeneous_archive_unknown_dim,14,YES,dbee56ad4fb43921247641b7275d2fcbf40e8e2a206ff2226299ed5d9976a250,,,D:\SWAT+_3V3\A_SouthBranchPotomac\SWAT_FINAL_FROZEN\TxtInOut,,YES,development_only_claimed_by_archive_audit,0,,YES,COMPLETE,YES,NO,YES,NO,NO,NO,NO,NO,NO,NO,NO,A_SOUTH_BRANCH_POTOMAC,62,historical_archive_index,not proven broad and not admitted to A1/A2
