mode,arm,DTRc_C,alpha,split,DTR_bin,n,rmse,mae,mbe,r2
FIXED_ALPHA,T13P0,13.0,7.809408336409373,primary_cal_2000_2016,13-<14,1409,2.589381663625344,1.5554477055969949,0.022703716302195708,0.8460789752632787
FIXED_ALPHA,T13P0,13.0,7.809408336409373,primary_cal_2000_2016,14-<14.3,334,2.93029142872074,1.7461990470204802,0.20913059300433567,0.8043228195697378
FIXED_ALPHA,T13P0,13.0,7.809408336409373,primary_cal_2000_2016,14.3-<14.5,151,2.1858685286337853,1.333711992285819,-0.41807615011770716,0.8705354692894619
FIXED_ALPHA,T13P0,13.0,7.809408336409373,primary_cal_2000_2016,14.5-<14.8,279,2.5253213024487944,1.601210698794543,-0.533379182138,0.8674740732156205
FIXED_ALPHA,T13P0,13.0,7.809408336409373,primary_cal_2000_2016,14.8-<15,168,2.211022430419303,1.4974697905056362,-0.6782640236513049,0.9104142084376732
FIXED_ALPHA,T13P0,13.0,7.809408336409373,primary_cal_2000_2016,15-<18,594,4.2604987170818145,2.6995279434527535,-0.04077345330477475,0.7051733988290472
FIXED_ALPHA,T13P0,13.0,7.809408336409373,primary_cal_2000_2016,18-<20,71,8.012573904890397,6.491002158278352,2.6585306772577777,0.10129956200204236
FIXED_ALPHA,T13P0,13.0,7.809408336409373,primary_cal_2000_2016,>=20,24,11.753818718827153,9.638134796703573,3.802625309480599,0.00517116754332769
FIXED_ALPHA,T13P5,13.5,7.809408336409373,primary_cal_2000_2016,13-<14,1409,2.6491694974598454,1.5714629158859597,0.11679923893077139,0.8393820908317521
FIXED_ALPHA,T13P5,13.5,7.809408336409373,primary_cal_2000_2016,14-<14.3,334,2.9831222542469,1.7682944256881639,0.37695059678371995,0.798703857763729
FIXED_ALPHA,T13P5,13.5,7.809408336409373,primary_cal_2000_2016,14.3-<14.5,151,2.1901279528452764,1.3247975426063514,-0.328698344345032,0.8679588900746382
FIXED_ALPHA,T13P5,13.5,7.809408336409373,primary_cal_2000_2016,14.5-<14.8,279,2.4981164246645133,1.5615865516926617,-0.42694109426081406,0.8676104136805451
FIXED_ALPHA,T13P5,13.5,7.809408336409373,primary_cal_2000_2016,14.8-<15,168,2.1802179628189267,1.4637381127811884,-0.5674611947575148,0.9098690727119271
FIXED_ALPHA,T13P5,13.5,7.809408336409373,primary_cal_2000_2016,15-<18,594,4.2585467952543485,2.6853299969960283,0.06660460143117836,0.704660102833727
FIXED_ALPHA,T13P5,13.5,7.809408336409373,primary_cal_2000_2016,18-<20,71,8.010022580571244,6.484336417772439,2.6758153991323135,0.10230348289819502
FIXED_ALPHA,T13P5,13.5,7.809408336409373,primary_cal_2000_2016,>=20,24,11.753818718827153,9.638134796703573,3.802625309480599,0.00517116754332769
FIXED_ALPHA,T13P8,13.8,7.809408336409373,primary_cal_2000_2016,13-<14,1409,2.6590609787093595,1.57364225572147,0.1383791717301131,0.8384144209085941
FIXED_ALPHA,T13P8,13.8,7.809408336409373,primary_cal_2000_2016,14-<14.3,334,3.036519522353194,1.796469283035682,0.4776425990513505,0.7933102259880686
FIXED_ALPHA,T13P8,13.8,7.809408336409373,primary_cal_2000_2016,14.3-<14.5,151,2.202001184036796,1.3217095664983933,-0.27507166088142715,0.8655909716137667
FIXED_ALPHA,T13P8,13.8,7.809408336409373,primary_cal_2000_2016,14.5-<14.8,279,2.492585382657398,1.546665214742748,-0.36307824153450263,0.8668683832607362
FIXED_ALPHA,T13P8,13.8,7.809408336409373,primary_cal_2000_2016,14.8-<15,168,2.176125340664935,1.4561291095454703,-0.500979497421241,0.9085895899187386
FIXED_ALPHA,T13P8,13.8,7.809408336409373,primary_cal_2000_2016,15-<18,594,4.262749045548986,2.6772412511146944,0.13745621917469428,0.7037415444666224
FIXED_ALPHA,T13P8,13.8,7.809408336409373,primary_cal_2000_2016,18-<20,71,8.008892467738292,6.480336973468891,2.686186232257035,0.10289782359178541
FIXED_ALPHA,T13P8,13.8,7.809408336409373,primary_cal_2000_2016,>=20,24,11.753818718827153,9.638134796703573,3.802625309480599,0.00517116754332769
FIXED_ALPHA,T14P0,14.0,7.809408336409373,primary_cal_2000_2016,13-<14,1409,2.658840374960726,1.573289675478628,0.13972489663943566,0.8384630564473062
FIXED_ALPHA,T14P0,14.0,7.809408336409373,primary_cal_2000_2016,14-<14.3,334,3.0806763282323617,1.8232784543955207,0.5447706005631041,0.7888817591804921
FIXED_ALPHA,T14P0,14.0,7.809408336409373,primary_cal_2000_2016,14.3-<14.5,151,2.2137398002504223,1.3240896690585404,-0.23932053857235736,0.8636718801012304
FIXED_ALPHA,T14P0,14.0,7.809408336409373,primary_cal_2000_2016,14.5-<14.8,279,2.493440052565939,1.5405932827939932,-0.3205030063836286,0.8660283110366457
FIXED_ALPHA,T14P0,14.0,7.809408336409373,primary_cal_2000_2016,14.8-<15,168,2.179455057542688,1.4558100981588078,-0.456658365863725,0.9073369103648131
FIXED_ALPHA,T14P0,14.0,7.809408336409373,primary_cal_2000_2016,15-<18,594,4.2698306983272705,2.672362193335312,0.19048902286067898,0.7025542428785962
FIXED_ALPHA,T14P0,14.0,7.809408336409373,primary_cal_2000_2016,18-<20,71,8.008306093668677,6.477670677266525,2.6931001210068493,0.10329062405488303
FIXED_ALPHA,T14P0,14.0,7.809408336409373,primary_cal_2000_2016,>=20,24,11.753818718827153,9.638134796703573,3.802625309480599,0.00517116754332769
FIXED_ALPHA,T14P8,14.8,7.809408336409373,primary_cal_2000_2016,13-<14,1409,2.658840374960726,1.573289675478628,0.13972489663943566,0.8384630564473062
FIXED_ALPHA,T14P8,14.8,7.809408336409373,primary_cal_2000_2016,14-<14.3,334,3.106272773965136,1.8407587307067943,0.5850224243238654,0.7861733498140601
FIXED_ALPHA,T14P8,14.8,7.809408336409373,primary_cal_2000_2016,14.3-<14.5,151,2.2449653285580538,1.3336628647254725,-0.1740355391113278,0.8592339928247613
FIXED_ALPHA,T14P8,14.8,7.809408336409373,primary_cal_2000_2016,14.5-<14.8,279,2.5191986781743623,1.5401624066824093,-0.19427781499709543,0.8615658763838198
FIXED_ALPHA,T14P8,14.8,7.809408336409373,primary_cal_2000_2016,14.8-<15,168,2.2403450256369406,1.4623028564245166,-0.2793738396336615,0.8991316151201558
FIXED_ALPHA,T14P8,14.8,7.809408336409373,primary_cal_2000_2016,15-<18,594,4.338049942139003,2.685858435294921,0.4407383111340768,0.6936281135791125
FIXED_ALPHA,T14P8,14.8,7.809408336409373,primary_cal_2000_2016,18-<20,71,8.003093814460643,6.448475374681384,2.7442397553360416,0.10388008696493164
FIXED_ALPHA,T14P8,14.8,7.809408336409373,primary_cal_2000_2016,>=20,24,11.753818718827153,9.638134796703573,3.802625309480599,0.00517116754332769
REFIT_ALPHA,T13P0,13.0,5.603868885111006,primary_cal_2000_2016,13-<14,1409,2.605904409964836,1.5587783285613128,0.05575293318947033,0.84420804785906
REFIT_ALPHA,T13P0,13.0,5.603868885111006,primary_cal_2000_2016,14-<14.3,334,2.956597947214049,1.7564213130673247,0.31529026959991163,0.8013986612662202
REFIT_ALPHA,T13P0,13.0,5.603868885111006,primary_cal_2000_2016,14.3-<14.5,151,2.187630617900949,1.326476294494598,-0.34915400235599814,0.8686760856869213
REFIT_ALPHA,T13P0,13.0,5.603868885111006,primary_cal_2000_2016,14.5-<14.8,279,2.4992364572893946,1.564600388833328,-0.43760989834583647,0.8676859590805879
REFIT_ALPHA,T13P0,13.0,5.603868885111006,primary_cal_2000_2016,14.8-<15,168,2.1786898336307825,1.4624709309851935,-0.5639899945684088,0.9099202373320171
REFIT_ALPHA,T13P0,13.0,5.603868885111006,primary_cal_2000_2016,15-<18,594,4.257593049450197,2.6730421047674517,0.13389238074528406,0.704000185669217
REFIT_ALPHA,T13P0,13.0,5.603868885111006,primary_cal_2000_2016,18-<20,71,8.007427934957029,6.471047193438405,2.7102752684204017,0.10425423886767705
REFIT_ALPHA,T13P0,13.0,5.603868885111006,primary_cal_2000_2016,>=20,24,11.753818718827153,9.638134796703573,3.802625309480599,0.00517116754332769
REFIT_ALPHA,T13P5,13.5,6.407985379809223,primary_cal_2000_2016,13-<14,1409,2.650740295275325,1.5717295939600904,0.12091332051340396,0.8392329740590151
REFIT_ALPHA,T13P5,13.5,6.407985379809223,primary_cal_2000_2016,14-<14.3,334,3.0000741260751194,1.7763747135334143,0.4142897424878843,0.7969583797446149
REFIT_ALPHA,T13P5,13.5,6.407985379809223,primary_cal_2000_2016,14.3-<14.5,151,2.1955996647315423,1.3227660484174355,-0.30094361614415693,0.866787706457379
REFIT_ALPHA,T13P5,13.5,6.407985379809223,primary_cal_2000_2016,14.5-<14.8,279,2.4933355589052226,1.550276004287447,-0.38518893498417905,0.8671900637363917
REFIT_ALPHA,T13P5,13.5,6.407985379809223,primary_cal_2000_2016,14.8-<15,168,2.1753502719885356,1.4562951637095065,-0.5147341923042372,0.908981970518716
REFIT_ALPHA,T13P5,13.5,6.407985379809223,primary_cal_2000_2016,15-<18,594,4.262605478073558,2.6708104634200707,0.16709169251415934,0.7032959874874908
REFIT_ALPHA,T13P5,13.5,6.407985379809223,primary_cal_2000_2016,18-<20,71,8.007585551496579,6.472853011462121,2.7055926585485857,0.10399326298821063
REFIT_ALPHA,T13P5,13.5,6.407985379809223,primary_cal_2000_2016,>=20,24,11.753818718827153,9.638134796703573,3.802625309480599,0.00517116754332769
REFIT_ALPHA,T13P8,13.8,6.749813473189908,primary_cal_2000_2016,13-<14,1409,2.659029018168699,1.5735944169866907,0.1385617621569162,0.8384212274761996
REFIT_ALPHA,T13P8,13.8,6.749813473189908,primary_cal_2000_2016,14-<14.3,334,3.044837408034237,1.8019552664090086,0.49221209092203366,0.7924578113142012
REFIT_ALPHA,T13P8,13.8,6.749813473189908,primary_cal_2000_2016,14.3-<14.5,151,2.2063302097482524,1.322156141460197,-0.26136289435066606,0.8648657283120166
REFIT_ALPHA,T13P8,13.8,6.749813473189908,primary_cal_2000_2016,14.5-<14.8,279,2.492504969683371,1.5433999673846035,-0.34017508969975957,0.8664378141883251
REFIT_ALPHA,T13P8,13.8,6.749813473189908,primary_cal_2000_2016,14.8-<15,168,2.1773392648040217,1.4555157011315738,-0.47013376103004745,0.9078069947536556
REFIT_ALPHA,T13P8,13.8,6.749813473189908,primary_cal_2000_2016,15-<18,594,4.269631652719996,2.6685895860246425,0.2114062538186081,0.7022463251878623
REFIT_ALPHA,T13P8,13.8,6.749813473189908,primary_cal_2000_2016,18-<20,71,8.007521217922422,6.472197194261776,2.7072932374862817,0.10408819389777028
REFIT_ALPHA,T13P8,13.8,6.749813473189908,primary_cal_2000_2016,>=20,24,11.753818718827153,9.638134796703573,3.802625309480599,0.00517116754332769
REFIT_ALPHA,T14P0,14.0,6.805081570269362,primary_cal_2000_2016,13-<14,1409,2.658840374960726,1.573289675478628,0.13972489663943566,0.8384630564473062
REFIT_ALPHA,T14P0,14.0,6.805081570269362,primary_cal_2000_2016,14-<14.3,334,3.083742145011525,1.8254366478186508,0.5499471750547217,0.7885575352063322
REFIT_ALPHA,T14P0,14.0,6.805081570269362,primary_cal_2000_2016,14.3-<14.5,151,2.217140344664698,1.3248673520003733,-0.23092457954938547,0.8631582830191287
REFIT_ALPHA,T14P0,14.0,6.805081570269362,primary_cal_2000_2016,14.5-<14.8,279,2.4947115797544392,1.5388122411465934,-0.30426985109072335,0.8656159371045316
REFIT_ALPHA,T14P0,14.0,6.805081570269362,primary_cal_2000_2016,14.8-<15,168,2.1825960307690595,1.4553205753443752,-0.433121438961081,0.9065966024901755
REFIT_ALPHA,T14P0,14.0,6.805081570269362,primary_cal_2000_2016,15-<18,594,4.278494654830369,2.6678527044727214,0.2579090397197774,0.7009770109809348
REFIT_ALPHA,T14P0,14.0,6.805081570269362,primary_cal_2000_2016,18-<20,71,8.0071801751699,6.469349177202805,2.713166220676686,0.10432434901244185
REFIT_ALPHA,T14P0,14.0,6.805081570269362,primary_cal_2000_2016,>=20,24,11.753818718827153,9.638134796703573,3.802625309480599,0.00517116754332769
REFIT_ALPHA,T14P8,14.8,7.809408336409373,primary_cal_2000_2016,13-<14,1409,2.658840374960726,1.573289675478628,0.13972489663943566,0.8384630564473062
REFIT_ALPHA,T14P8,14.8,7.809408336409373,primary_cal_2000_2016,14-<14.3,334,3.106272773965136,1.8407587307067943,0.5850224243238654,0.7861733498140601
REFIT_ALPHA,T14P8,14.8,7.809408336409373,primary_cal_2000_2016,14.3-<14.5,151,2.2449653285580538,1.3336628647254725,-0.1740355391113278,0.8592339928247613
REFIT_ALPHA,T14P8,14.8,7.809408336409373,primary_cal_2000_2016,14.5-<14.8,279,2.5191986781743623,1.5401624066824093,-0.19427781499709543,0.8615658763838198
REFIT_ALPHA,T14P8,14.8,7.809408336409373,primary_cal_2000_2016,14.8-<15,168,2.2403450256369406,1.4623028564245166,-0.2793738396336615,0.8991316151201558
REFIT_ALPHA,T14P8,14.8,7.809408336409373,primary_cal_2000_2016,15-<18,594,4.338049942139003,2.685858435294921,0.4407383111340768,0.6936281135791125
REFIT_ALPHA,T14P8,14.8,7.809408336409373,primary_cal_2000_2016,18-<20,71,8.003093814460643,6.448475374681384,2.7442397553360416,0.10388008696493164
REFIT_ALPHA,T14P8,14.8,7.809408336409373,primary_cal_2000_2016,>=20,24,11.753818718827153,9.638134796703573,3.802625309480599,0.00517116754332769
FIXED_ALPHA,T13P0,13.0,7.809408336409373,primary_val_2017_2024,13-<14,719,2.636243814229604,1.8416588051429625,-0.059078856664545924,0.8452788791113561
FIXED_ALPHA,T13P0,13.0,7.809408336409373,primary_val_2017_2024,14-<14.3,190,3.1427611276843708,2.168845369357789,-0.0519631627569127,0.7335956554347556
FIXED_ALPHA,T13P0,13.0,7.809408336409373,primary_val_2017_2024,14.3-<14.5,134,2.43323117983065,1.6876137256505117,-0.374123980162921,0.8543979035136126
FIXED_ALPHA,T13P0,13.0,7.809408336409373,primary_val_2017_2024,14.5-<14.8,101,2.814664286852873,2.1448606922234537,-1.210096477526639,0.8130596217826367
FIXED_ALPHA,T13P0,13.0,7.809408336409373,primary_val_2017_2024,14.8-<15,104,3.2865360338413176,2.6354731283384387,-0.4937473459767603,0.7964649573787845
FIXED_ALPHA,T13P0,13.0,7.809408336409373,primary_val_2017_2024,15-<18,856,4.437676442905362,3.2230930799090567,-0.1245269703235977,0.6555535289010709
FIXED_ALPHA,T13P0,13.0,7.809408336409373,primary_val_2017_2024,18-<20,72,5.685163294036315,4.552650704536802,-0.9416848466497709,0.5000648602478598
FIXED_ALPHA,T13P0,13.0,7.809408336409373,primary_val_2017_2024,>=20,47,6.744293917810105,5.446709830499536,-0.3074480064899648,0.3786672737251509
FIXED_ALPHA,T13P5,13.5,7.809408336409373,primary_val_2017_2024,13-<14,719,2.6995951561893343,1.865395581698176,0.04922565326466859,0.837528853673444
FIXED_ALPHA,T13P5,13.5,7.809408336409373,primary_val_2017_2024,14-<14.3,190,3.2293266706617887,2.208324219890531,0.1020309765093663,0.7194268527767687
FIXED_ALPHA,T13P5,13.5,7.809408336409373,primary_val_2017_2024,14.3-<14.5,134,2.4542689482724356,1.666038016438524,-0.24301850102901457,0.8502963976976768
FIXED_ALPHA,T13P5,13.5,7.809408336409373,primary_val_2017_2024,14.5-<14.8,101,2.745013534559978,2.096975325088113,-1.0133719555157377,0.8077323593570535
FIXED_ALPHA,T13P5,13.5,7.809408336409373,primary_val_2017_2024,14.8-<15,104,3.2528344880922435,2.5491081091468697,-0.2544342960395471,0.7921338875701892
FIXED_ALPHA,T13P5,13.5,7.809408336409373,primary_val_2017_2024,15-<18,856,4.4156992694340955,3.1931869143134253,0.009136138100323583,0.6565360700951948
FIXED_ALPHA,T13P5,13.5,7.809408336409373,primary_val_2017_2024,18-<20,72,5.644594203645545,4.508918383390787,-0.8677104780378488,0.5012540947562055
FIXED_ALPHA,T13P5,13.5,7.809408336409373,primary_val_2017_2024,>=20,47,6.744293917810105,5.446709830499536,-0.3074480064899648,0.3786672737251509
FIXED_ALPHA,T13P8,13.8,7.809408336409373,primary_val_2017_2024,13-<14,719,2.7215408332625155,1.873667887450121,0.077039671410771,0.8350254306261027
FIXED_ALPHA,T13P8,13.8,7.809408336409373,primary_val_2017_2024,14-<14.3,190,3.2987076373209256,2.241576038054677,0.19442746006913356,0.7090241309995404
FIXED_ALPHA,T13P8,13.8,7.809408336409373,primary_val_2017_2024,14.3-<14.5,134,2.481250134225573,1.6717524497468568,-0.16435521354867053,0.8466544161554571
FIXED_ALPHA,T13P8,13.8,7.809408336409373,primary_val_2017_2024,14.5-<14.8,101,2.727052932015798,2.075661786256255,-0.8953372423091964,0.8022248058662612
FIXED_ALPHA,T13P8,13.8,7.809408336409373,primary_val_2017_2024,14.8-<15,104,3.263404289860824,2.5389233681693955,-0.11084646607721846,0.7872782810666542
FIXED_ALPHA,T13P8,13.8,7.809408336409373,primary_val_2017_2024,15-<18,856,4.406632728710686,3.175285848732042,0.10618734011904102,0.6561889322986867
FIXED_ALPHA,T13P8,13.8,7.809408336409373,primary_val_2017_2024,18-<20,72,5.61770630463982,4.479174300572043,-0.8105947819240417,0.5022547828706929
FIXED_ALPHA,T13P8,13.8,7.809408336409373,primary_val_2017_2024,>=20,47,6.744293917810105,5.446709830499536,-0.3074480064899648,0.3786672737251509
FIXED_ALPHA,T14P0,14.0,7.809408336409373,primary_val_2017_2024,13-<14,719,2.7236813683795464,1.874585540271511,0.07978035355594736,0.8347920873240129
FIXED_ALPHA,T14P0,14.0,7.809408336409373,primary_val_2017_2024,14-<14.3,190,3.3517511902545816,2.2720678025598557,0.256025115775645,0.7013366432456042
FIXED_ALPHA,T14P0,14.0,7.809408336409373,primary_val_2017_2024,14.3-<14.5,134,2.5050269544639674,1.6834720994704617,-0.11191302189510814,0.8437473175838708
FIXED_ALPHA,T14P0,14.0,7.809408336409373,primary_val_2017_2024,14.5-<14.8,101,2.7252806983069733,2.0686104414421527,-0.8166474335048359,0.7975858361252337
FIXED_ALPHA,T14P0,14.0,7.809408336409373,primary_val_2017_2024,14.8-<15,104,3.28321781909539,2.5484306951491944,-0.01512124610233346,0.7830842369155212
FIXED_ALPHA,T14P0,14.0,7.809408336409373,primary_val_2017_2024,15-<18,856,4.405040729133146,3.1660101745579197,0.17633538769822343,0.6553531317692066
FIXED_ALPHA,T14P0,14.0,7.809408336409373,primary_val_2017_2024,18-<20,72,5.598515209471378,4.456323614023862,-0.7610777341869869,0.5023197823775036
FIXED_ALPHA,T14P0,14.0,7.809408336409373,primary_val_2017_2024,>=20,47,6.744293917810105,5.446709830499536,-0.3074480064899648,0.3786672737251509
FIXED_ALPHA,T14P8,14.8,7.809408336409373,primary_val_2017_2024,13-<14,719,2.7236813683795464,1.874585540271511,0.07978035355594736,0.8347920873240129
FIXED_ALPHA,T14P8,14.8,7.809408336409373,primary_val_2017_2024,14-<14.3,190,3.383468271982799,2.2897192688325125,0.28774293383612537,0.6970972174945248
FIXED_ALPHA,T14P8,14.8,7.809408336409373,primary_val_2017_2024,14.3-<14.5,134,2.561571426135907,1.7108264524326842,-0.017990628468662756,0.8374013395464666
FIXED_ALPHA,T14P8,14.8,7.809408336409373,primary_val_2017_2024,14.5-<14.8,101,2.776812636799741,2.070814259815712,-0.5774991803356947,0.7774934046251968
FIXED_ALPHA,T14P8,14.8,7.809408336409373,primary_val_2017_2024,14.8-<15,104,3.4595844112593244,2.7115961235742905,0.3677796337972078,0.7586933828794991
FIXED_ALPHA,T14P8,14.8,7.809408336409373,primary_val_2017_2024,15-<18,856,4.455076023708645,3.2000458539614223,0.49386706988447704,0.6459400173917564
FIXED_ALPHA,T14P8,14.8,7.809408336409373,primary_val_2017_2024,18-<20,72,5.542573380959222,4.377893481552851,-0.5567895583807188,0.5006853135296688
FIXED_ALPHA,T14P8,14.8,7.809408336409373,primary_val_2017_2024,>=20,47,6.744293917810105,5.446709830499536,-0.3074480064899648,0.3786672737251509
REFIT_ALPHA,T13P0,13.0,5.603868885111006,primary_val_2017_2024,13-<14,719,2.65659645703236,1.8501648750282662,-0.01986212562365836,0.8427120202300098
REFIT_ALPHA,T13P0,13.0,5.603868885111006,primary_val_2017_2024,14-<14.3,190,3.1924390476125613,2.1919467569918014,0.04397690921875825,0.7252926187778905
REFIT_ALPHA,T13P0,13.0,5.603868885111006,primary_val_2017_2024,14.3-<14.5,134,2.447194560672168,1.6675283531150067,-0.2735445094464563,0.8514442178618858
REFIT_ALPHA,T13P0,13.0,5.603868885111006,primary_val_2017_2024,14.5-<14.8,101,2.7512948170954816,2.1018492466684178,-1.0314378345620374,0.8080525966584179
REFIT_ALPHA,T13P0,13.0,5.603868885111006,primary_val_2017_2024,14.8-<15,104,3.2545282958699975,2.54914920592427,-0.24302417557925904,0.7916060596205219
REFIT_ALPHA,T13P0,13.0,5.603868885111006,primary_val_2017_2024,15-<18,856,4.399116346281663,3.1623194854837773,0.1363249915833558,0.6551418775580594
REFIT_ALPHA,T13P0,13.0,5.603868885111006,primary_val_2017_2024,18-<20,72,5.555876563926308,4.395887517037377,-0.6134518710190184,0.501531183755304
REFIT_ALPHA,T13P0,13.0,5.603868885111006,primary_val_2017_2024,>=20,47,6.759794238203103,5.464237424833512,-0.26258287965107424,0.3715882021670502
REFIT_ALPHA,T13P5,13.5,6.407985379809223,primary_val_2017_2024,13-<14,719,2.703586271942212,1.8669051236347245,0.054708790600514846,0.8370706667562728
REFIT_ALPHA,T13P5,13.5,6.407985379809223,primary_val_2017_2024,14-<14.3,190,3.2531008660616307,2.2189271270029294,0.13535757298140194,0.7158525208730478
REFIT_ALPHA,T13P5,13.5,6.407985379809223,primary_val_2017_2024,14.3-<14.5,134,2.4671784057647206,1.6686930740256911,-0.20263653956713445,0.8485123993455412
REFIT_ALPHA,T13P5,13.5,6.407985379809223,primary_val_2017_2024,14.5-<14.8,101,2.7322866873961345,2.0832372167360558,-0.9351532112804756,0.8040449125696181
REFIT_ALPHA,T13P5,13.5,6.407985379809223,primary_val_2017_2024,14.8-<15,104,3.2606921163843534,2.541103328800554,-0.13806763903960542,0.788201792512098
REFIT_ALPHA,T13P5,13.5,6.407985379809223,primary_val_2017_2024,15-<18,856,4.399976803198191,3.1601369481043475,0.1670511329570428,0.6551170875848458
REFIT_ALPHA,T13P5,13.5,6.407985379809223,primary_val_2017_2024,18-<20,72,5.56599563200435,4.408330841164356,-0.655608848358888,0.5018884907789624
REFIT_ALPHA,T13P5,13.5,6.407985379809223,primary_val_2017_2024,>=20,47,6.745297685589687,5.445624776101568,-0.30410087533924346,0.3781481628630431
REFIT_ALPHA,T13P8,13.8,6.749813473189908,primary_val_2017_2024,13-<14,719,2.72182453762212,1.8737881581950753,0.07741153219684452,0.8349944585134731
REFIT_ALPHA,T13P8,13.8,6.749813473189908,primary_val_2017_2024,14-<14.3,190,3.3093930014149113,2.2471403027930137,0.20708867490168487,0.707497953916897
REFIT_ALPHA,T13P8,13.8,6.749813473189908,primary_val_2017_2024,14.3-<14.5,134,2.4900319904638204,1.6759567047516266,-0.14449619788099574,0.8455775509343676
REFIT_ALPHA,T13P8,13.8,6.749813473189908,primary_val_2017_2024,14.5-<14.8,101,2.725983109256104,2.071945424404442,-0.8522123904260384,0.7996032082662617
REFIT_ALPHA,T13P8,13.8,6.749813473189908,primary_val_2017_2024,14.8-<15,104,3.277349503261412,2.539644205272737,-0.042345643726807644,0.7842581958698057
REFIT_ALPHA,T13P8,13.8,6.749813473189908,primary_val_2017_2024,15-<18,856,4.4019469251263565,3.155534136746862,0.21955425470558237,0.6544338578064038
REFIT_ALPHA,T13P8,13.8,6.749813473189908,primary_val_2017_2024,18-<20,72,5.563254544538135,4.405371588939848,-0.6462636449267782,0.5017916625043005
REFIT_ALPHA,T13P8,13.8,6.749813473189908,primary_val_2017_2024,>=20,47,6.744293917810105,5.446709830499536,-0.3074480064899648,0.3786672737251509
REFIT_ALPHA,T14P0,14.0,6.805081570269362,primary_val_2017_2024,13-<14,719,2.7236813683795464,1.874585540271511,0.07978035355594736,0.8347920873240129
REFIT_ALPHA,T14P0,14.0,6.805081570269362,primary_val_2017_2024,14-<14.3,190,3.3556955343288375,2.2742062003611148,0.26010417686061643,0.7008072701592879
REFIT_ALPHA,T14P0,14.0,6.805081570269362,primary_val_2017_2024,14.3-<14.5,134,2.5114612789969746,1.6869242178750374,-0.09983415886289514,0.8430027928118246
REFIT_ALPHA,T14P0,14.0,6.805081570269362,primary_val_2017_2024,14.5-<14.8,101,2.7276804599747226,2.0660184690327057,-0.7858918395613606,0.7953982684871493
REFIT_ALPHA,T14P0,14.0,6.805081570269362,primary_val_2017_2024,14.8-<15,104,3.2991337005182495,2.56559541163333,0.03749588230361221,0.780360508894135
REFIT_ALPHA,T14P0,14.0,6.805081570269362,primary_val_2017_2024,15-<18,856,4.406749489816671,3.156205125252029,0.2804810858165143,0.6531144759430896
REFIT_ALPHA,T14P0,14.0,6.805081570269362,primary_val_2017_2024,18-<20,72,5.554334705414087,4.394504013566874,-0.6104122694741966,0.501433893568301
REFIT_ALPHA,T14P0,14.0,6.805081570269362,primary_val_2017_2024,>=20,47,6.745511656667607,5.445396864545743,-0.3033978231516859,0.37803893842808195
REFIT_ALPHA,T14P8,14.8,7.809408336409373,primary_val_2017_2024,13-<14,719,2.7236813683795464,1.874585540271511,0.07978035355594736,0.8347920873240129
REFIT_ALPHA,T14P8,14.8,7.809408336409373,primary_val_2017_2024,14-<14.3,190,3.383468271982799,2.2897192688325125,0.28774293383612537,0.6970972174945248
REFIT_ALPHA,T14P8,14.8,7.809408336409373,primary_val_2017_2024,14.3-<14.5,134,2.561571426135907,1.7108264524326842,-0.017990628468662756,0.8374013395464666
REFIT_ALPHA,T14P8,14.8,7.809408336409373,primary_val_2017_2024,14.5-<14.8,101,2.776812636799741,2.070814259815712,-0.5774991803356947,0.7774934046251968
REFIT_ALPHA,T14P8,14.8,7.809408336409373,primary_val_2017_2024,14.8-<15,104,3.4595844112593244,2.7115961235742905,0.3677796337972078,0.7586933828794991
REFIT_ALPHA,T14P8,14.8,7.809408336409373,primary_val_2017_2024,15-<18,856,4.455076023708645,3.2000458539614223,0.49386706988447704,0.6459400173917564
REFIT_ALPHA,T14P8,14.8,7.809408336409373,primary_val_2017_2024,18-<20,72,5.542573380959222,4.377893481552851,-0.5567895583807188,0.5006853135296688
REFIT_ALPHA,T14P8,14.8,7.809408336409373,primary_val_2017_2024,>=20,47,6.744293917810105,5.446709830499536,-0.3074480064899648,0.3786672737251509
